{
  "user": [
    {
      "userId": "6747935906352907269",
      "secUserId": "MS4wLjABAAAAv3zolJLlWp-WbKXqSZwVSflDdwcbjPADRG-dhb68k30dQjkFpkRs4HiMvWeeIyVv",
      "id": "@gordonramsayofficial",
      "name": "Gordon Ramsay",
      "bio": "I cook sometimes too.....\n\nRecipes here 👇🏻",
      "verified": true,
      "avatar": {
        "jpeg": {
          "small": "https://p16.tiktokcdn.com/musically-maliva-obj/1647754017437702~c5_100x100.jpeg",
          "medium": "https://p16.tiktokcdn.com/musically-maliva-obj/1647754017437702~c5_300x300.jpeg",
          "big": "https://p16.tiktokcdn.com/musically-maliva-obj/1647754017437702~c5_720x720.jpeg",
          "large": "https://p16.tiktokcdn.com/musically-maliva-obj/1647754017437702~c5_1080x1080.jpeg"
        },
        "webp": {
          "small": "https://p16.tiktokcdn.com/musically-maliva-obj/1647754017437702~c5_100x100.webp",
          "medium": "https://p16.tiktokcdn.com/musically-maliva-obj/1647754017437702~c5_300x300.webp",
          "big": "https://p16.tiktokcdn.com/musically-maliva-obj/1647754017437702~c5_720x720.webp",
          "large": "https://p16.tiktokcdn.com/musically-maliva-obj/1647754017437702~c5_1080x1080.webp"
        }
      },
      "stats": {
        "followers": 24900000,
        "likes": 378100000
      }
    },
    {
      "userId": "6727327145951183878",
      "secUserId": "MS4wLjABAAAA8ezUaW4ecJX222ObGXxt07F9BIh4QH3-g1P1DHyChT2LLi2cn-vAE2R53-H672ZO",
      "id": "@willsmith",
      "name": "Will Smith",
      "bio": "Same kid from West Philly.",
      "verified": true,
      "avatar": {
        "jpeg": {
          "small": "https://p16.tiktokcdn.com/musically-maliva-obj/1646315618666501~c5_100x100.jpeg",
          "medium": "https://p16.tiktokcdn.com/musically-maliva-obj/1646315618666501~c5_300x300.jpeg",
          "big": "https://p16.tiktokcdn.com/musically-maliva-obj/1646315618666501~c5_720x720.jpeg",
          "large": "https://p16.tiktokcdn.com/musically-maliva-obj/1646315618666501~c5_1080x1080.jpeg"
        },
        "webp": {
          "small": "https://p16.tiktokcdn.com/musically-maliva-obj/1646315618666501~c5_100x100.webp",
          "medium": "https://p16.tiktokcdn.com/musically-maliva-obj/1646315618666501~c5_300x300.webp",
          "big": "https://p16.tiktokcdn.com/musically-maliva-obj/1646315618666501~c5_720x720.webp",
          "large": "https://p16.tiktokcdn.com/musically-maliva-obj/1646315618666501~c5_1080x1080.webp"
        }
      },
      "stats": {
        "followers": 58900000,
        "likes": 370300000
      }
    },
    {
      "userId": "6730007015793771525",
      "secUserId": "MS4wLjABAAAA5bchfwPs-XIqIsp7AIaDrrs05b3VAC9A8qZj2T016CvP9d_uYZfyOuzvqj4cKACj",
      "id": "@imkevinhart",
      "name": "Kevin Hart",
      "bio": "\"Live Love & Laugh\" \nFacebook.com/HartKevin",
      "verified": true,
      "avatar": {
        "jpeg": {
          "small": "https://p16.tiktokcdn.com/musically-maliva-obj/1652392319210501~c5_100x100.jpeg",
          "medium": "https://p16.tiktokcdn.com/musically-maliva-obj/1652392319210501~c5_300x300.jpeg",
          "big": "https://p16.tiktokcdn.com/musically-maliva-obj/1652392319210501~c5_720x720.jpeg",
          "large": "https://p16.tiktokcdn.com/musically-maliva-obj/1652392319210501~c5_1080x1080.jpeg"
        },
        "webp": {
          "small": "https://p16.tiktokcdn.com/musically-maliva-obj/1652392319210501~c5_100x100.webp",
          "medium": "https://p16.tiktokcdn.com/musically-maliva-obj/1652392319210501~c5_300x300.webp",
          "big": "https://p16.tiktokcdn.com/musically-maliva-obj/1652392319210501~c5_720x720.webp",
          "large": "https://p16.tiktokcdn.com/musically-maliva-obj/1652392319210501~c5_1080x1080.webp"
        }
      },
      "stats": {
        "followers": 24800000,
        "likes": 125000000
      }
    },
    {
      "userId": "97614653324771328",
      "secUserId": "MS4wLjABAAAATtFKZYaOb-9nF_w7QRi4y64d45mvuWuwf5ACEd3c6f-GTlfW9rJJlKfV2vWhg0aw",
      "id": "@selenagomez",
      "name": "Selena Gomez",
      "bio": "REVELACIÓN is out now: http://smarturl.it/REVELACIONSG",
      "verified": true,
      "avatar": {
        "jpeg": {
          "small": "https://p16.tiktokcdn.com/tos-maliva-avt-0068/e95363ddbca56b9a91b389727a8b9d33~c5_100x100.jpeg",
          "medium": "https://p16.tiktokcdn.com/tos-maliva-avt-0068/e95363ddbca56b9a91b389727a8b9d33~c5_300x300.jpeg",
          "big": "https://p16.tiktokcdn.com/tos-maliva-avt-0068/e95363ddbca56b9a91b389727a8b9d33~c5_720x720.jpeg",
          "large": "https://p16.tiktokcdn.com/tos-maliva-avt-0068/e95363ddbca56b9a91b389727a8b9d33~c5_1080x1080.jpeg"
        },
        "webp": {
          "small": "https://p16.tiktokcdn.com/tos-maliva-avt-0068/e95363ddbca56b9a91b389727a8b9d33~c5_100x100.webp",
          "medium": "https://p16.tiktokcdn.com/tos-maliva-avt-0068/e95363ddbca56b9a91b389727a8b9d33~c5_300x300.webp",
          "big": "https://p16.tiktokcdn.com/tos-maliva-avt-0068/e95363ddbca56b9a91b389727a8b9d33~c5_720x720.webp",
          "large": "https://p16.tiktokcdn.com/tos-maliva-avt-0068/e95363ddbca56b9a91b389727a8b9d33~c5_1080x1080.webp"
        }
      },
      "stats": {
        "followers": 30500000,
        "likes": 104300000
      }
    },
    {
      "userId": "6644633379692199942",
      "secUserId": "MS4wLjABAAAAd_FL7FSUAR9eyQ0FbVWj2FbSbF7ch--LV4APbDXDSRPNAdp4PxsDzTtrwuDOwghx",
      "id": "@snoopdogg",
      "name": "Snoop Dogg",
      "bio": "New album #FromThaStreets2ThaSuites out everywhere now",
      "verified": true,
      "avatar": {
        "jpeg": {
          "small": "https://p16.tiktokcdn.com/musically-maliva-obj/1641702322139141~c5_100x100.jpeg",
          "medium": "https://p16.tiktokcdn.com/musically-maliva-obj/1641702322139141~c5_300x300.jpeg",
          "big": "https://p16.tiktokcdn.com/musically-maliva-obj/1641702322139141~c5_720x720.jpeg",
          "large": "https://p16.tiktokcdn.com/musically-maliva-obj/1641702322139141~c5_1080x1080.jpeg"
        },
        "webp": {
          "small": "https://p16.tiktokcdn.com/musically-maliva-obj/1641702322139141~c5_100x100.webp",
          "medium": "https://p16.tiktokcdn.com/musically-maliva-obj/1641702322139141~c5_300x300.webp",
          "big": "https://p16.tiktokcdn.com/musically-maliva-obj/1641702322139141~c5_720x720.webp",
          "large": "https://p16.tiktokcdn.com/musically-maliva-obj/1641702322139141~c5_1080x1080.webp"
        }
      },
      "stats": {
        "followers": 11300000,
        "likes": 50400000
      }
    },
    {
      "userId": "6756702871704192005",
      "secUserId": "MS4wLjABAAAAIDvnmw4IM9I6Jk7M0up6Fd4JC_OtGgVCwsy0vu51T9CGyxQwGLEmN_QZY1v2TYY5",
      "id": "@justinbieber",
      "name": "Justin Bieber",
      "bio": "JUSTICE the album out now",
      "verified": true,
      "avatar": {
        "jpeg": {
          "small": "https://p16.tiktokcdn.com/tos-maliva-avt-0068/9df63fea7cb5c82ba03664410cd75b30~c5_100x100.jpeg",
          "medium": "https://p16.tiktokcdn.com/tos-maliva-avt-0068/9df63fea7cb5c82ba03664410cd75b30~c5_300x300.jpeg",
          "big": "https://p16.tiktokcdn.com/tos-maliva-avt-0068/9df63fea7cb5c82ba03664410cd75b30~c5_720x720.jpeg",
          "large": "https://p16.tiktokcdn.com/tos-maliva-avt-0068/9df63fea7cb5c82ba03664410cd75b30~c5_1080x1080.jpeg"
        },
        "webp": {
          "small": "https://p16.tiktokcdn.com/tos-maliva-avt-0068/9df63fea7cb5c82ba03664410cd75b30~c5_100x100.webp",
          "medium": "https://p16.tiktokcdn.com/tos-maliva-avt-0068/9df63fea7cb5c82ba03664410cd75b30~c5_300x300.webp",
          "big": "https://p16.tiktokcdn.com/tos-maliva-avt-0068/9df63fea7cb5c82ba03664410cd75b30~c5_720x720.webp",
          "large": "https://p16.tiktokcdn.com/tos-maliva-avt-0068/9df63fea7cb5c82ba03664410cd75b30~c5_1080x1080.webp"
        }
      },
      "stats": {
        "followers": 22000000,
        "likes": 76000000
      }
    },
    {
      "userId": "170447429077598208",
      "secUserId": "MS4wLjABAAAAJypGod6uEG7eZnTAFQAJCxESeCTznEI8o4tYcRggKlzBZSedv00sXBxqHlYCc2mI",
      "id": "@dualipaofficial",
      "name": "Dua Lipa",
      "bio": "",
      "verified": true,
      "avatar": {
        "jpeg": {
          "small": "https://p16.tiktokcdn.com/musically-maliva-obj/1657268694828037~c5_100x100.jpeg",
          "medium": "https://p16.tiktokcdn.com/musically-maliva-obj/1657268694828037~c5_300x300.jpeg",
          "big": "https://p16.tiktokcdn.com/musically-maliva-obj/1657268694828037~c5_720x720.jpeg",
          "large": "https://p16.tiktokcdn.com/musically-maliva-obj/1657268694828037~c5_1080x1080.jpeg"
        },
        "webp": {
          "small": "https://p16.tiktokcdn.com/musically-maliva-obj/1657268694828037~c5_100x100.webp",
          "medium": "https://p16.tiktokcdn.com/musically-maliva-obj/1657268694828037~c5_300x300.webp",
          "big": "https://p16.tiktokcdn.com/musically-maliva-obj/1657268694828037~c5_720x720.webp",
          "large": "https://p16.tiktokcdn.com/musically-maliva-obj/1657268694828037~c5_1080x1080.webp"
        }
      },
      "stats": {
        "followers": 7000000,
        "likes": 15800000
      }
    },
    {
      "userId": "6745191554350760966",
      "secUserId": "MS4wLjABAAAAM3R2BtjzVT-uAtstkl2iugMzC6AtnpkojJbjiOdDDrdsTiTR75-8lyWJCY5VvDrZ",
      "id": "@therock",
      "name": "The Rock",
      "bio": "CEO of #RockTok",
      "verified": true,
      "avatar": {
        "jpeg": {
          "small": "https://p16.tiktokcdn.com/musically-maliva-obj/1647596478025734~c5_100x100.jpeg",
          "medium": "https://p16.tiktokcdn.com/musically-maliva-obj/1647596478025734~c5_300x300.jpeg",
          "big": "https://p16.tiktokcdn.com/musically-maliva-obj/1647596478025734~c5_720x720.jpeg",
          "large": "https://p16.tiktokcdn.com/musically-maliva-obj/1647596478025734~c5_1080x1080.jpeg"
        },
        "webp": {
          "small": "https://p16.tiktokcdn.com/musically-maliva-obj/1647596478025734~c5_100x100.webp",
          "medium": "https://p16.tiktokcdn.com/musically-maliva-obj/1647596478025734~c5_300x300.webp",
          "big": "https://p16.tiktokcdn.com/musically-maliva-obj/1647596478025734~c5_720x720.webp",
          "large": "https://p16.tiktokcdn.com/musically-maliva-obj/1647596478025734~c5_1080x1080.webp"
        }
      },
      "stats": {
        "followers": 37100000,
        "likes": 203200000
      }
    },
    {
      "userId": "6801582887495599110",
      "secUserId": "MS4wLjABAAAAYYBOjJCYUhYo0U0oyEFC8jGQcJkJ7ZCvMXZwY5Si1GTsExRZ-YOrA1F_T8-dP6dr",
      "id": "@billnye",
      "name": "Bill Nye",
      "bio": "Everyone you will ever meet knows something you don’t.",
      "verified": true,
      "avatar": {
        "jpeg": {
          "small": "https://p16.tiktokcdn.com/musically-maliva-obj/1662091906821126~c5_100x100.jpeg",
          "medium": "https://p16.tiktokcdn.com/musically-maliva-obj/1662091906821126~c5_300x300.jpeg",
          "big": "https://p16.tiktokcdn.com/musically-maliva-obj/1662091906821126~c5_720x720.jpeg",
          "large": "https://p16.tiktokcdn.com/musically-maliva-obj/1662091906821126~c5_1080x1080.jpeg"
        },
        "webp": {
          "small": "https://p16.tiktokcdn.com/musically-maliva-obj/1662091906821126~c5_100x100.webp",
          "medium": "https://p16.tiktokcdn.com/musically-maliva-obj/1662091906821126~c5_300x300.webp",
          "big": "https://p16.tiktokcdn.com/musically-maliva-obj/1662091906821126~c5_720x720.webp",
          "large": "https://p16.tiktokcdn.com/musically-maliva-obj/1662091906821126~c5_1080x1080.webp"
        }
      },
      "stats": {
        "followers": 7300000,
        "likes": 37100000
      }
    },
    {
      "userId": "132667022575992832",
      "secUserId": "MS4wLjABAAAAYbp6OaRgezXn4Bp5dmoM2dfBYOASM9M5I3bMLpjp0OdD7Y6JLua2DSAs1EUaVJ45",
      "id": "@jbalvin",
      "name": "J Balvin",
      "bio": "“In Da Getto” OUT NOW!👇",
      "verified": true,
      "avatar": {
        "jpeg": {
          "small": "https://p16.tiktokcdn.com/tos-maliva-avt-0068/647aa293a6559758be616b0a34599247~c5_100x100.jpeg",
          "medium": "https://p16.tiktokcdn.com/tos-maliva-avt-0068/647aa293a6559758be616b0a34599247~c5_300x300.jpeg",
          "big": "https://p16.tiktokcdn.com/tos-maliva-avt-0068/647aa293a6559758be616b0a34599247~c5_720x720.jpeg",
          "large": "https://p16.tiktokcdn.com/tos-maliva-avt-0068/647aa293a6559758be616b0a34599247~c5_1080x1080.jpeg"
        },
        "webp": {
          "small": "https://p16.tiktokcdn.com/tos-maliva-avt-0068/647aa293a6559758be616b0a34599247~c5_100x100.webp",
          "medium": "https://p16.tiktokcdn.com/tos-maliva-avt-0068/647aa293a6559758be616b0a34599247~c5_300x300.webp",
          "big": "https://p16.tiktokcdn.com/tos-maliva-avt-0068/647aa293a6559758be616b0a34599247~c5_720x720.webp",
          "large": "https://p16.tiktokcdn.com/tos-maliva-avt-0068/647aa293a6559758be616b0a34599247~c5_1080x1080.webp"
        }
      },
      "stats": {
        "followers": 15400000,
        "likes": 69400000
      }
    },
    {
      "userId": "6611099612067856390",
      "secUserId": "MS4wLjABAAAA2EvW1E1RwMcww5EY5bG0z2TeJ3dusTXaAKNJBQatp8IGSbOvWYWRm6TIIZ46Q40v",
      "id": "@jlo",
      "name": "JLO",
      "bio": "#CambiaElPaso disponible ahora",
      "verified": true,
      "avatar": {
        "jpeg": {
          "small": "https://p16.tiktokcdn.com/tos-maliva-avt-0068/7a8e65378881c342a6c490c7dbdbb27f~c5_100x100.jpeg",
          "medium": "https://p16.tiktokcdn.com/tos-maliva-avt-0068/7a8e65378881c342a6c490c7dbdbb27f~c5_300x300.jpeg",
          "big": "https://p16.tiktokcdn.com/tos-maliva-avt-0068/7a8e65378881c342a6c490c7dbdbb27f~c5_720x720.jpeg",
          "large": "https://p16.tiktokcdn.com/tos-maliva-avt-0068/7a8e65378881c342a6c490c7dbdbb27f~c5_1080x1080.jpeg"
        },
        "webp": {
          "small": "https://p16.tiktokcdn.com/tos-maliva-avt-0068/7a8e65378881c342a6c490c7dbdbb27f~c5_100x100.webp",
          "medium": "https://p16.tiktokcdn.com/tos-maliva-avt-0068/7a8e65378881c342a6c490c7dbdbb27f~c5_300x300.webp",
          "big": "https://p16.tiktokcdn.com/tos-maliva-avt-0068/7a8e65378881c342a6c490c7dbdbb27f~c5_720x720.webp",
          "large": "https://p16.tiktokcdn.com/tos-maliva-avt-0068/7a8e65378881c342a6c490c7dbdbb27f~c5_1080x1080.webp"
        }
      },
      "stats": {
        "followers": 13500000,
        "likes": 79400000
      }
    },
    {
      "userId": "141140993138962432",
      "secUserId": "MS4wLjABAAAAIAXBSn6tARIqrHDAQM32h-AzSL8yqTbXrZE2HlhpxyctXIAxoYUlBfhmqe-jyzVf",
      "id": "@postmalone",
      "name": "Post Malone",
      "bio": "motley crew out now:)",
      "verified": true,
      "avatar": {
        "jpeg": {
          "small": "https://p16.tiktokcdn.com/musically-maliva-obj/1650410283274245~c5_100x100.jpeg",
          "medium": "https://p16.tiktokcdn.com/musically-maliva-obj/1650410283274245~c5_300x300.jpeg",
          "big": "https://p16.tiktokcdn.com/musically-maliva-obj/1650410283274245~c5_720x720.jpeg",
          "large": "https://p16.tiktokcdn.com/musically-maliva-obj/1650410283274245~c5_1080x1080.jpeg"
        },
        "webp": {
          "small": "https://p16.tiktokcdn.com/musically-maliva-obj/1650410283274245~c5_100x100.webp",
          "medium": "https://p16.tiktokcdn.com/musically-maliva-obj/1650410283274245~c5_300x300.webp",
          "big": "https://p16.tiktokcdn.com/musically-maliva-obj/1650410283274245~c5_720x720.webp",
          "large": "https://p16.tiktokcdn.com/musically-maliva-obj/1650410283274245~c5_1080x1080.webp"
        }
      },
      "stats": {
        "followers": 8600000,
        "likes": 43100000
      }
    },
    {
      "userId": "6771955742204707845",
      "secUserId": "MS4wLjABAAAAwVP4sr8_Vspbxk58jMqbjD05gM_J_klfqivobBNis-oz-pbnQd6PE2uRdzmDqMuI",
      "id": "@xtina",
      "name": "Christina Aguilera",
      "bio": "",
      "verified": true,
      "avatar": {
        "jpeg": {
          "small": "https://p16.tiktokcdn.com/tos-maliva-avt-0068/f5cc512794caabf0e38df3b592ce3f7d~c5_100x100.jpeg",
          "medium": "https://p16.tiktokcdn.com/tos-maliva-avt-0068/f5cc512794caabf0e38df3b592ce3f7d~c5_300x300.jpeg",
          "big": "https://p16.tiktokcdn.com/tos-maliva-avt-0068/f5cc512794caabf0e38df3b592ce3f7d~c5_720x720.jpeg",
          "large": "https://p16.tiktokcdn.com/tos-maliva-avt-0068/f5cc512794caabf0e38df3b592ce3f7d~c5_1080x1080.jpeg"
        },
        "webp": {
          "small": "https://p16.tiktokcdn.com/tos-maliva-avt-0068/f5cc512794caabf0e38df3b592ce3f7d~c5_100x100.webp",
          "medium": "https://p16.tiktokcdn.com/tos-maliva-avt-0068/f5cc512794caabf0e38df3b592ce3f7d~c5_300x300.webp",
          "big": "https://p16.tiktokcdn.com/tos-maliva-avt-0068/f5cc512794caabf0e38df3b592ce3f7d~c5_720x720.webp",
          "large": "https://p16.tiktokcdn.com/tos-maliva-avt-0068/f5cc512794caabf0e38df3b592ce3f7d~c5_1080x1080.webp"
        }
      },
      "stats": {
        "followers": 2400000,
        "likes": 6700000
      }
    },
    {
      "userId": "228700074422296576",
      "secUserId": "MS4wLjABAAAA7mkK82iTrmsU2bIS-imXrRhTLxznudE5HAJGptmsdCb_sSj-EYfPFITk2ZPVVHuD",
      "id": "@mileycyrus",
      "name": "Miley Cyrus",
      "bio": "Welcome to #MileyTok ☠️\n\nEnter @ your own risk!❗️",
      "verified": true,
      "avatar": {
        "jpeg": {
          "small": "https://p16.tiktokcdn.com/tos-maliva-avt-0068/51e4b50d3974985c6a3f87fb2dab09c4~c5_100x100.jpeg",
          "medium": "https://p16.tiktokcdn.com/tos-maliva-avt-0068/51e4b50d3974985c6a3f87fb2dab09c4~c5_300x300.jpeg",
          "big": "https://p16.tiktokcdn.com/tos-maliva-avt-0068/51e4b50d3974985c6a3f87fb2dab09c4~c5_720x720.jpeg",
          "large": "https://p16.tiktokcdn.com/tos-maliva-avt-0068/51e4b50d3974985c6a3f87fb2dab09c4~c5_1080x1080.jpeg"
        },
        "webp": {
          "small": "https://p16.tiktokcdn.com/tos-maliva-avt-0068/51e4b50d3974985c6a3f87fb2dab09c4~c5_100x100.webp",
          "medium": "https://p16.tiktokcdn.com/tos-maliva-avt-0068/51e4b50d3974985c6a3f87fb2dab09c4~c5_300x300.webp",
          "big": "https://p16.tiktokcdn.com/tos-maliva-avt-0068/51e4b50d3974985c6a3f87fb2dab09c4~c5_720x720.webp",
          "large": "https://p16.tiktokcdn.com/tos-maliva-avt-0068/51e4b50d3974985c6a3f87fb2dab09c4~c5_1080x1080.webp"
        }
      },
      "stats": {
        "followers": 13300000,
        "likes": 120200000
      }
    },
    {
      "userId": "6735160749549011973",
      "secUserId": "MS4wLjABAAAA0DHllETo4Ugf6eewEfXnQjH7Uxf67UPRxm3zLtEUmjsAGA13z-z4_y7gGMBTWamT",
      "id": "@drphil",
      "name": "Dr. Phil",
      "bio": "Dr. Phil",
      "verified": true,
      "avatar": {
        "jpeg": {
          "small": "https://p16.tiktokcdn.com/tos-maliva-avt-0068/162818b01201f09b031b772e6b08dc91~c5_100x100.jpeg",
          "medium": "https://p16.tiktokcdn.com/tos-maliva-avt-0068/162818b01201f09b031b772e6b08dc91~c5_300x300.jpeg",
          "big": "https://p16.tiktokcdn.com/tos-maliva-avt-0068/162818b01201f09b031b772e6b08dc91~c5_720x720.jpeg",
          "large": "https://p16.tiktokcdn.com/tos-maliva-avt-0068/162818b01201f09b031b772e6b08dc91~c5_1080x1080.jpeg"
        },
        "webp": {
          "small": "https://p16.tiktokcdn.com/tos-maliva-avt-0068/162818b01201f09b031b772e6b08dc91~c5_100x100.webp",
          "medium": "https://p16.tiktokcdn.com/tos-maliva-avt-0068/162818b01201f09b031b772e6b08dc91~c5_300x300.webp",
          "big": "https://p16.tiktokcdn.com/tos-maliva-avt-0068/162818b01201f09b031b772e6b08dc91~c5_720x720.webp",
          "large": "https://p16.tiktokcdn.com/tos-maliva-avt-0068/162818b01201f09b031b772e6b08dc91~c5_1080x1080.webp"
        }
      },
      "stats": {
        "followers": 6300000,
        "likes": 33800000
      }
    },
    {
      "userId": "6653097460997521414",
      "secUserId": "MS4wLjABAAAALoMs_1FxFHHnkPE6B8ZjTGsca2zm60Xi_xW1qRt6duyJllmKfA1O0gxgn7UtySfz",
      "id": "@steveharvey",
      "name": "Steve Harvey ",
      "bio": "It’s your man here, now let imagination lead the way.",
      "verified": true,
      "avatar": {
        "jpeg": {
          "small": "https://p16.tiktokcdn.com/tos-maliva-avt-0068/b8e7783a375a166d209b7bff7105be08~c5_100x100.jpeg",
          "medium": "https://p16.tiktokcdn.com/tos-maliva-avt-0068/b8e7783a375a166d209b7bff7105be08~c5_300x300.jpeg",
          "big": "https://p16.tiktokcdn.com/tos-maliva-avt-0068/b8e7783a375a166d209b7bff7105be08~c5_720x720.jpeg",
          "large": "https://p16.tiktokcdn.com/tos-maliva-avt-0068/b8e7783a375a166d209b7bff7105be08~c5_1080x1080.jpeg"
        },
        "webp": {
          "small": "https://p16.tiktokcdn.com/tos-maliva-avt-0068/b8e7783a375a166d209b7bff7105be08~c5_100x100.webp",
          "medium": "https://p16.tiktokcdn.com/tos-maliva-avt-0068/b8e7783a375a166d209b7bff7105be08~c5_300x300.webp",
          "big": "https://p16.tiktokcdn.com/tos-maliva-avt-0068/b8e7783a375a166d209b7bff7105be08~c5_720x720.webp",
          "large": "https://p16.tiktokcdn.com/tos-maliva-avt-0068/b8e7783a375a166d209b7bff7105be08~c5_1080x1080.webp"
        }
      },
      "stats": {
        "followers": 5900000,
        "likes": 38400000
      }
    },
    {
      "userId": "6779798771846431749",
      "secUserId": "MS4wLjABAAAA2qFUyY878XlTp6vlLi2LWROamZKwkQfqRLMHo8O0UizXpnO-yXE2qR7QZKRCJJy_",
      "id": "@usher",
      "name": "Usher Raymond",
      "bio": "USHER: The Vegas Experience\nText me at (404) 737-1821",
      "verified": true,
      "avatar": {
        "jpeg": {
          "small": "https://p16.tiktokcdn.com/musically-maliva-obj/1655225307229189~c5_100x100.jpeg",
          "medium": "https://p16.tiktokcdn.com/musically-maliva-obj/1655225307229189~c5_300x300.jpeg",
          "big": "https://p16.tiktokcdn.com/musically-maliva-obj/1655225307229189~c5_720x720.jpeg",
          "large": "https://p16.tiktokcdn.com/musically-maliva-obj/1655225307229189~c5_1080x1080.jpeg"
        },
        "webp": {
          "small": "https://p16.tiktokcdn.com/musically-maliva-obj/1655225307229189~c5_100x100.webp",
          "medium": "https://p16.tiktokcdn.com/musically-maliva-obj/1655225307229189~c5_300x300.webp",
          "big": "https://p16.tiktokcdn.com/musically-maliva-obj/1655225307229189~c5_720x720.webp",
          "large": "https://p16.tiktokcdn.com/musically-maliva-obj/1655225307229189~c5_1080x1080.webp"
        }
      },
      "stats": {
        "followers": 3900000,
        "likes": 12900000
      }
    },
    {
      "userId": "224891697648857088",
      "secUserId": "MS4wLjABAAAAs5jkeWdu5hM55BndQETUnl4rll7H8fthkyz5JmF3P5qKdh_mLcAUVGJ16WPpEI_M",
      "id": "@nickiminaj",
      "name": "Nicki Minaj",
      "bio": "Whole Lotta Money REMIX OUT NOW‼️‼️‼️‼️",
      "verified": true,
      "avatar": {
        "jpeg": {
          "small": "https://p16.tiktokcdn.com/tos-maliva-avt-0068/70ece51af8aeca0f60e293c76704ab5b~c5_100x100.jpeg",
          "medium": "https://p16.tiktokcdn.com/tos-maliva-avt-0068/70ece51af8aeca0f60e293c76704ab5b~c5_300x300.jpeg",
          "big": "https://p16.tiktokcdn.com/tos-maliva-avt-0068/70ece51af8aeca0f60e293c76704ab5b~c5_720x720.jpeg",
          "large": "https://p16.tiktokcdn.com/tos-maliva-avt-0068/70ece51af8aeca0f60e293c76704ab5b~c5_1080x1080.jpeg"
        },
        "webp": {
          "small": "https://p16.tiktokcdn.com/tos-maliva-avt-0068/70ece51af8aeca0f60e293c76704ab5b~c5_100x100.webp",
          "medium": "https://p16.tiktokcdn.com/tos-maliva-avt-0068/70ece51af8aeca0f60e293c76704ab5b~c5_300x300.webp",
          "big": "https://p16.tiktokcdn.com/tos-maliva-avt-0068/70ece51af8aeca0f60e293c76704ab5b~c5_720x720.webp",
          "large": "https://p16.tiktokcdn.com/tos-maliva-avt-0068/70ece51af8aeca0f60e293c76704ab5b~c5_1080x1080.webp"
        }
      },
      "stats": {
        "followers": 10600000,
        "likes": 31600000
      }
    },
    {
      "userId": "168541398546182144",
      "secUserId": "MS4wLjABAAAAMTSBCxTaYvqbcRpT924iKILvChaXJEW2t8QEMK3s5NtXENf85cwPjT-biAUnsUfb",
      "id": "@shakira",
      "name": "Shakira",
      "bio": "Official profile / perfil oficial",
      "verified": true,
      "avatar": {
        "jpeg": {
          "small": "https://p16.tiktokcdn.com/tos-maliva-avt-0068/84c650eb5c260c89f148fe2bcb96ab88~c5_100x100.jpeg",
          "medium": "https://p16.tiktokcdn.com/tos-maliva-avt-0068/84c650eb5c260c89f148fe2bcb96ab88~c5_300x300.jpeg",
          "big": "https://p16.tiktokcdn.com/tos-maliva-avt-0068/84c650eb5c260c89f148fe2bcb96ab88~c5_720x720.jpeg",
          "large": "https://p16.tiktokcdn.com/tos-maliva-avt-0068/84c650eb5c260c89f148fe2bcb96ab88~c5_1080x1080.jpeg"
        },
        "webp": {
          "small": "https://p16.tiktokcdn.com/tos-maliva-avt-0068/84c650eb5c260c89f148fe2bcb96ab88~c5_100x100.webp",
          "medium": "https://p16.tiktokcdn.com/tos-maliva-avt-0068/84c650eb5c260c89f148fe2bcb96ab88~c5_300x300.webp",
          "big": "https://p16.tiktokcdn.com/tos-maliva-avt-0068/84c650eb5c260c89f148fe2bcb96ab88~c5_720x720.webp",
          "large": "https://p16.tiktokcdn.com/tos-maliva-avt-0068/84c650eb5c260c89f148fe2bcb96ab88~c5_1080x1080.webp"
        }
      },
      "stats": {
        "followers": 14200000,
        "likes": 55700000
      }
    },
    {
      "userId": "6719942663279739909",
      "secUserId": "MS4wLjABAAAAmjzSM_FdNtE8lPL1gxsZmvZJ2cvCEwdt1d8aN9WJ9_8AtWeVhaGEpyoY1oIcaYJt",
      "id": "@mariahcarey",
      "name": "Mariah Carey",
      "bio": "Welcome to the Adventures of Mimi, dahhlings!",
      "verified": true,
      "avatar": {
        "jpeg": {
          "small": "https://p16.tiktokcdn.com/tos-maliva-avt-0068/bc522a936de36ae0e274309fbe7c5772~c5_100x100.jpeg",
          "medium": "https://p16.tiktokcdn.com/tos-maliva-avt-0068/bc522a936de36ae0e274309fbe7c5772~c5_300x300.jpeg",
          "big": "https://p16.tiktokcdn.com/tos-maliva-avt-0068/bc522a936de36ae0e274309fbe7c5772~c5_720x720.jpeg",
          "large": "https://p16.tiktokcdn.com/tos-maliva-avt-0068/bc522a936de36ae0e274309fbe7c5772~c5_1080x1080.jpeg"
        },
        "webp": {
          "small": "https://p16.tiktokcdn.com/tos-maliva-avt-0068/bc522a936de36ae0e274309fbe7c5772~c5_100x100.webp",
          "medium": "https://p16.tiktokcdn.com/tos-maliva-avt-0068/bc522a936de36ae0e274309fbe7c5772~c5_300x300.webp",
          "big": "https://p16.tiktokcdn.com/tos-maliva-avt-0068/bc522a936de36ae0e274309fbe7c5772~c5_720x720.webp",
          "large": "https://p16.tiktokcdn.com/tos-maliva-avt-0068/bc522a936de36ae0e274309fbe7c5772~c5_1080x1080.webp"
        }
      },
      "stats": {
        "followers": 4900000,
        "likes": 23100000
      }
    },
    {
      "userId": "6665432429854212102",
      "secUserId": "MS4wLjABAAAAinXQMNOkztzektB0dq9KelXbcOFrkoGYUgocKJHHCQ2FuTdFp58KlAiLjrqVMLd_",
      "id": "@arnoldschnitzel",
      "name": "Arnold",
      "bio": "Former Mr. Olympia, Conan, Terminator, and Governor of California.",
      "verified": true,
      "avatar": {
        "jpeg": {
          "small": "https://p16.tiktokcdn.com/musically-maliva-obj/1627303300134917~c5_100x100.jpeg",
          "medium": "https://p16.tiktokcdn.com/musically-maliva-obj/1627303300134917~c5_300x300.jpeg",
          "big": "https://p16.tiktokcdn.com/musically-maliva-obj/1627303300134917~c5_720x720.jpeg",
          "large": "https://p16.tiktokcdn.com/musically-maliva-obj/1627303300134917~c5_1080x1080.jpeg"
        },
        "webp": {
          "small": "https://p16.tiktokcdn.com/musically-maliva-obj/1627303300134917~c5_100x100.webp",
          "medium": "https://p16.tiktokcdn.com/musically-maliva-obj/1627303300134917~c5_300x300.webp",
          "big": "https://p16.tiktokcdn.com/musically-maliva-obj/1627303300134917~c5_720x720.webp",
          "large": "https://p16.tiktokcdn.com/musically-maliva-obj/1627303300134917~c5_1080x1080.webp"
        }
      },
      "stats": {
        "followers": 4800000,
        "likes": 15100000
      }
    },
    {
      "userId": "6712644788019332101",
      "secUserId": "MS4wLjABAAAAq1ptzI27_u6e4O7CW79LxO61iC3p7h9GBEa7FpcdumHLo2b0JQ-RAeQoQcgpxUlR",
      "id": "@georgelopez",
      "name": "georgelopez",
      "bio": "Follow me if you want to Live !",
      "verified": true,
      "avatar": {
        "jpeg": {
          "small": "https://p16.tiktokcdn.com/musically-maliva-obj/1664787027691526~c5_100x100.jpeg",
          "medium": "https://p16.tiktokcdn.com/musically-maliva-obj/1664787027691526~c5_300x300.jpeg",
          "big": "https://p16.tiktokcdn.com/musically-maliva-obj/1664787027691526~c5_720x720.jpeg",
          "large": "https://p16.tiktokcdn.com/musically-maliva-obj/1664787027691526~c5_1080x1080.jpeg"
        },
        "webp": {
          "small": "https://p16.tiktokcdn.com/musically-maliva-obj/1664787027691526~c5_100x100.webp",
          "medium": "https://p16.tiktokcdn.com/musically-maliva-obj/1664787027691526~c5_300x300.webp",
          "big": "https://p16.tiktokcdn.com/musically-maliva-obj/1664787027691526~c5_720x720.webp",
          "large": "https://p16.tiktokcdn.com/musically-maliva-obj/1664787027691526~c5_1080x1080.webp"
        }
      },
      "stats": {
        "followers": 3100000,
        "likes": 27100000
      }
    },
    {
      "userId": "6743045203014304774",
      "secUserId": "MS4wLjABAAAAWrrTVUpOY2C3p4FdGoiAeLt_3jJZjkv_pn6c40rUay7FrQIs25stSz4r91Ydm-5m",
      "id": "@dwyanewade",
      "name": "Dwyane Wade",
      "bio": "𝐼’𝑚 𝐻𝑒𝑟𝑒 𝑇𝑜 𝑃𝑢𝑡 𝑂𝑢𝑡 𝐺𝑟𝑒𝑎𝑡 𝐸𝑛𝑒𝑟𝑔𝑦.",
      "verified": true,
      "avatar": {
        "jpeg": {
          "small": "https://p16.tiktokcdn.com/tos-maliva-avt-0068/07c453b55e92e167996d47083860b478~c5_100x100.jpeg",
          "medium": "https://p16.tiktokcdn.com/tos-maliva-avt-0068/07c453b55e92e167996d47083860b478~c5_300x300.jpeg",
          "big": "https://p16.tiktokcdn.com/tos-maliva-avt-0068/07c453b55e92e167996d47083860b478~c5_720x720.jpeg",
          "large": "https://p16.tiktokcdn.com/tos-maliva-avt-0068/07c453b55e92e167996d47083860b478~c5_1080x1080.jpeg"
        },
        "webp": {
          "small": "https://p16.tiktokcdn.com/tos-maliva-avt-0068/07c453b55e92e167996d47083860b478~c5_100x100.webp",
          "medium": "https://p16.tiktokcdn.com/tos-maliva-avt-0068/07c453b55e92e167996d47083860b478~c5_300x300.webp",
          "big": "https://p16.tiktokcdn.com/tos-maliva-avt-0068/07c453b55e92e167996d47083860b478~c5_720x720.webp",
          "large": "https://p16.tiktokcdn.com/tos-maliva-avt-0068/07c453b55e92e167996d47083860b478~c5_1080x1080.webp"
        }
      },
      "stats": {
        "followers": 2700000,
        "likes": 11500000
      }
    },
    {
      "userId": "6808629884060566534",
      "secUserId": "MS4wLjABAAAASwk0fpsKRZdHIxbv99ao5se9Cwex89xfoxD4eMUpEsIPF-moKgxsMeKtse-qPMPq",
      "id": "@rachaelray",
      "name": "Rachael Ray",
      "bio": "",
      "verified": true,
      "avatar": {
        "jpeg": {
          "small": "https://p16.tiktokcdn.com/musically-maliva-obj/1662266158114821~c5_100x100.jpeg",
          "medium": "https://p16.tiktokcdn.com/musically-maliva-obj/1662266158114821~c5_300x300.jpeg",
          "big": "https://p16.tiktokcdn.com/musically-maliva-obj/1662266158114821~c5_720x720.jpeg",
          "large": "https://p16.tiktokcdn.com/musically-maliva-obj/1662266158114821~c5_1080x1080.jpeg"
        },
        "webp": {
          "small": "https://p16.tiktokcdn.com/musically-maliva-obj/1662266158114821~c5_100x100.webp",
          "medium": "https://p16.tiktokcdn.com/musically-maliva-obj/1662266158114821~c5_300x300.webp",
          "big": "https://p16.tiktokcdn.com/musically-maliva-obj/1662266158114821~c5_720x720.webp",
          "large": "https://p16.tiktokcdn.com/musically-maliva-obj/1662266158114821~c5_1080x1080.webp"
        }
      },
      "stats": {
        "followers": 2200000,
        "likes": 8700000
      }
    },
    {
      "userId": "6714682282655876101",
      "secUserId": "MS4wLjABAAAAsjnwZ2iAmsCsgIq5dRpyXFgytTTwuOG49TuQ9UlVur0nK4sfzeMa3nW4D4xbGhgY",
      "id": "@tyrabanks",
      "name": "Tyra Banks",
      "bio": "💛 CEO of Smize 💛",
      "verified": true,
      "avatar": {
        "jpeg": {
          "small": "https://p16.tiktokcdn.com/musically-maliva-obj/1656278551000070~c5_100x100.jpeg",
          "medium": "https://p16.tiktokcdn.com/musically-maliva-obj/1656278551000070~c5_300x300.jpeg",
          "big": "https://p16.tiktokcdn.com/musically-maliva-obj/1656278551000070~c5_720x720.jpeg",
          "large": "https://p16.tiktokcdn.com/musically-maliva-obj/1656278551000070~c5_1080x1080.jpeg"
        },
        "webp": {
          "small": "https://p16.tiktokcdn.com/musically-maliva-obj/1656278551000070~c5_100x100.webp",
          "medium": "https://p16.tiktokcdn.com/musically-maliva-obj/1656278551000070~c5_300x300.webp",
          "big": "https://p16.tiktokcdn.com/musically-maliva-obj/1656278551000070~c5_720x720.webp",
          "large": "https://p16.tiktokcdn.com/musically-maliva-obj/1656278551000070~c5_1080x1080.webp"
        }
      },
      "stats": {
        "followers": 2000000,
        "likes": 4600000
      }
    },
    {
      "userId": "153416220371775488",
      "secUserId": "MS4wLjABAAAAakkZYjH61hI2DN_7kKK3jMxksRuQuzafOGKm98BXObYcdFfiKnAjvtg2fmlXjxFO",
      "id": "@camilacabello",
      "name": "Camila Cabello",
      "bio": "DON’T GO YET. 7.23. presave it now if you like. 🥵",
      "verified": true,
      "avatar": {
        "jpeg": {
          "small": "https://p16.tiktokcdn.com/tos-maliva-avt-0068/a3a0c0a1b11f837b381673c993f96ab9~c5_100x100.jpeg",
          "medium": "https://p16.tiktokcdn.com/tos-maliva-avt-0068/a3a0c0a1b11f837b381673c993f96ab9~c5_300x300.jpeg",
          "big": "https://p16.tiktokcdn.com/tos-maliva-avt-0068/a3a0c0a1b11f837b381673c993f96ab9~c5_720x720.jpeg",
          "large": "https://p16.tiktokcdn.com/tos-maliva-avt-0068/a3a0c0a1b11f837b381673c993f96ab9~c5_1080x1080.jpeg"
        },
        "webp": {
          "small": "https://p16.tiktokcdn.com/tos-maliva-avt-0068/a3a0c0a1b11f837b381673c993f96ab9~c5_100x100.webp",
          "medium": "https://p16.tiktokcdn.com/tos-maliva-avt-0068/a3a0c0a1b11f837b381673c993f96ab9~c5_300x300.webp",
          "big": "https://p16.tiktokcdn.com/tos-maliva-avt-0068/a3a0c0a1b11f837b381673c993f96ab9~c5_720x720.webp",
          "large": "https://p16.tiktokcdn.com/tos-maliva-avt-0068/a3a0c0a1b11f837b381673c993f96ab9~c5_1080x1080.webp"
        }
      },
      "stats": {
        "followers": 9500000,
        "likes": 46900000
      }
    },
    {
      "userId": "6761765948623045637",
      "secUserId": "MS4wLjABAAAA60vq51oxB9OlfiSMfihnGwklis95aYeAYGaufWZn5rOZ4n_zi0qjU476pl8VciIW",
      "id": "@jw_anderson",
      "name": "JW Anderson",
      "bio": "#JWAnderson\nJW Anderson\nLondon Store - 2 Brewer Street, London W1F 0S",
      "verified": true,
      "avatar": {
        "jpeg": {
          "small": "https://p16.tiktokcdn.com/musically-maliva-obj/1653252654031877~c5_100x100.jpeg",
          "medium": "https://p16.tiktokcdn.com/musically-maliva-obj/1653252654031877~c5_300x300.jpeg",
          "big": "https://p16.tiktokcdn.com/musically-maliva-obj/1653252654031877~c5_720x720.jpeg",
          "large": "https://p16.tiktokcdn.com/musically-maliva-obj/1653252654031877~c5_1080x1080.jpeg"
        },
        "webp": {
          "small": "https://p16.tiktokcdn.com/musically-maliva-obj/1653252654031877~c5_100x100.webp",
          "medium": "https://p16.tiktokcdn.com/musically-maliva-obj/1653252654031877~c5_300x300.webp",
          "big": "https://p16.tiktokcdn.com/musically-maliva-obj/1653252654031877~c5_720x720.webp",
          "large": "https://p16.tiktokcdn.com/musically-maliva-obj/1653252654031877~c5_1080x1080.webp"
        }
      },
      "stats": {
        "followers": 300200,
        "likes": 386300
      }
    },
    {
      "userId": "54493495394074624",
      "secUserId": "MS4wLjABAAAA0UqxRU8SbyBh7Lym8Hq1h9rL4TVTA0YPv0ebP-ctIiQO3-Lp4JzUQIEhZwQo9aSk",
      "id": "@shawnmendes",
      "name": "Shawn",
      "bio": "",
      "verified": true,
      "avatar": {
        "jpeg": {
          "small": "https://p16.tiktokcdn.com/tos-maliva-avt-0068/a9a20304e2cd04f78537984338ed08ee~c5_100x100.jpeg",
          "medium": "https://p16.tiktokcdn.com/tos-maliva-avt-0068/a9a20304e2cd04f78537984338ed08ee~c5_300x300.jpeg",
          "big": "https://p16.tiktokcdn.com/tos-maliva-avt-0068/a9a20304e2cd04f78537984338ed08ee~c5_720x720.jpeg",
          "large": "https://p16.tiktokcdn.com/tos-maliva-avt-0068/a9a20304e2cd04f78537984338ed08ee~c5_1080x1080.jpeg"
        },
        "webp": {
          "small": "https://p16.tiktokcdn.com/tos-maliva-avt-0068/a9a20304e2cd04f78537984338ed08ee~c5_100x100.webp",
          "medium": "https://p16.tiktokcdn.com/tos-maliva-avt-0068/a9a20304e2cd04f78537984338ed08ee~c5_300x300.webp",
          "big": "https://p16.tiktokcdn.com/tos-maliva-avt-0068/a9a20304e2cd04f78537984338ed08ee~c5_720x720.webp",
          "large": "https://p16.tiktokcdn.com/tos-maliva-avt-0068/a9a20304e2cd04f78537984338ed08ee~c5_1080x1080.webp"
        }
      },
      "stats": {
        "followers": 6400000,
        "likes": 43600000
      }
    },
    {
      "userId": "6774025992342045701",
      "secUserId": "MS4wLjABAAAA79ZXwviQMDZKwtXVBFRAdCA2pYNWF8PAhhe4nRlPSU3qauoUHlZsL-wP5N61AiLx",
      "id": "@olivier_rousteing",
      "name": "OR",
      "bio": "Hello it’s Olivier : BALMAIN CREATIVE DIRECTOR \nFollow my journey on TikTok ❤️",
      "verified": true,
      "avatar": {
        "jpeg": {
          "small": "https://p16.tiktokcdn.com/musically-maliva-obj/1663656694255621~c5_100x100.jpeg",
          "medium": "https://p16.tiktokcdn.com/musically-maliva-obj/1663656694255621~c5_300x300.jpeg",
          "big": "https://p16.tiktokcdn.com/musically-maliva-obj/1663656694255621~c5_720x720.jpeg",
          "large": "https://p16.tiktokcdn.com/musically-maliva-obj/1663656694255621~c5_1080x1080.jpeg"
        },
        "webp": {
          "small": "https://p16.tiktokcdn.com/musically-maliva-obj/1663656694255621~c5_100x100.webp",
          "medium": "https://p16.tiktokcdn.com/musically-maliva-obj/1663656694255621~c5_300x300.webp",
          "big": "https://p16.tiktokcdn.com/musically-maliva-obj/1663656694255621~c5_720x720.webp",
          "large": "https://p16.tiktokcdn.com/musically-maliva-obj/1663656694255621~c5_1080x1080.webp"
        }
      },
      "stats": {
        "followers": 683400,
        "likes": 1400000
      }
    }
  ],
  "hashtag": [
    {
      "challengeId": "18643194",
      "description": "Whether you're an expert or just passionate, show us those moments where your explanations are a bit too much.",
      "name": "#meexplaining",
      "avatar": "https://p16-amd-va.tiktokcdn.com/obj/musically-maliva-obj/6058afed93007e11e98b2c66a0ba5e0d",
      "stats": {
        "views": 65400000
      }
    },
    {
      "challengeId": "13251",
      "description": "What's your #OOTD?",
      "name": "#ootd",
      "avatar": "https://p16-amd-va.tiktokcdn.com/obj/musically-maliva-obj/a722d78ec35ee68f62011ca6fcde0f68",
      "stats": {
        "views": 23400000000
      }
    },
    {
      "challengeId": "17369859",
      "description": "Show us what happens when you’re on #XGamesMode, and tune into X Games, LIVE on @xgames and TikTok, July 14-17.",
      "name": "#xgamesmode",
      "avatar": "https://p16-amd-va.tiktokcdn.com/obj/musically-maliva-obj/e6fc79350fbffecf1e9a8b3f83f19976",
      "stats": {
        "views": 1900000000
      }
    },
    {
      "challengeId": "26625",
      "description": "Wow, we're so proud of you!",
      "name": "#imsoproudofyou",
      "avatar": "https://p16-amd-va.tiktokcdn.com/obj/musically-maliva-obj/5878f2cb029ee09c1125f966be91a8a4",
      "stats": {
        "views": 128100000
      }
    },
    {
      "challengeId": "1610142076272646",
      "description": "What are you cocinando?",
      "name": "#TikTokComida",
      "avatar": "https://p16-amd-va.tiktokcdn.com/obj/musically-maliva-obj/4c490284ddd7d0d19930ce7a9438d0ba",
      "stats": {
        "views": 803400000
      }
    },
    {
      "challengeId": "1605695366875141",
      "description": "*plays piano instrumental*",
      "name": "#herecomestheboy",
      "avatar": "https://p16-amd-va.tiktokcdn.com/obj/musically-maliva-obj/4e77bb5b29cca68b8a50cb267211ca61",
      "stats": {
        "views": 171100000
      }
    },
    {
      "challengeId": "14455239",
      "description": "Whether you're sharing tips or just starting your first shift, show us your #SummerInternship.",
      "name": "#summerinternship",
      "avatar": "https://p16-amd-va.tiktokcdn.com/obj/musically-maliva-obj/7f0852e72104b85a0631b2b56160d96d",
      "stats": {
        "views": 99900000
      }
    },
    {
      "challengeId": "1690173633533958",
      "description": "Show us those moments where #ThisOpportunity is standing right in front of you.",
      "name": "#thisopportunity",
      "avatar": "https://p16-amd-va.tiktokcdn.com/obj/musically-maliva-obj/8b2f386a4e4c4620998ce0391fd38a3a",
      "stats": {
        "views": 314100000
      }
    },
    {
      "challengeId": "271132",
      "description": "Whether you're going on a hike or heading to the beach, #GoOutside and show us how you're enjoying nature.",
      "name": "#gooutside",
      "avatar": "https://p16-amd-va.tiktokcdn.com/obj/musically-maliva-obj/105946572f1777d9cfd055f739215c11",
      "stats": {
        "views": 717400000
      }
    },
    {
      "challengeId": "30794",
      "description": "Where are you going #OnVacation?",
      "name": "#onvacation",
      "avatar": "https://p16-amd-va.tiktokcdn.com/obj/musically-maliva-obj/e5cba7e837480824804e1fcf567b69f7",
      "stats": {
        "views": 351500000
      }
    }
  ],
  "music": [
    {
      "musicId": "6808287098886424577",
      "avatar": {
        "jpeg": {
          "small": "https://p16.tiktokcdn.com/img/tos-useast2a-v-2774/2a9778d4185541a9bba0471973fc6ae5~c5_100x100.jpeg",
          "medium": "https://p16.tiktokcdn.com/img/tos-useast2a-v-2774/2a9778d4185541a9bba0471973fc6ae5~c5_300x300.jpeg",
          "big": "https://p16.tiktokcdn.com/img/tos-useast2a-v-2774/2a9778d4185541a9bba0471973fc6ae5~c5_720x720.jpeg",
          "large": "https://p16.tiktokcdn.com/img/tos-useast2a-v-2774/2a9778d4185541a9bba0471973fc6ae5~c5_1080x1080.jpeg"
        },
        "webp": {
          "small": "https://p16.tiktokcdn.com/img/tos-useast2a-v-2774/2a9778d4185541a9bba0471973fc6ae5~c5_100x100.webp",
          "medium": "https://p16.tiktokcdn.com/img/tos-useast2a-v-2774/2a9778d4185541a9bba0471973fc6ae5~c5_300x300.webp",
          "big": "https://p16.tiktokcdn.com/img/tos-useast2a-v-2774/2a9778d4185541a9bba0471973fc6ae5~c5_720x720.webp",
          "large": "https://p16.tiktokcdn.com/img/tos-useast2a-v-2774/2a9778d4185541a9bba0471973fc6ae5~c5_1080x1080.webp"
        }
      },
      "musicInfo": {
        "author": "BeatKing",
        "title": "Then Leave (feat. Queendom Come)",
        "playUrl": "https://sf16-ies-music-va.tiktokcdn.com/obj/tos-useast2a-ve-2774/3e279ff71b8c429dbb625d4132056e21"
      },
      "stats": {
        "posts": 985800
      }
    },
    {
      "musicId": "6812545347835922434",
      "avatar": {
        "jpeg": {
          "small": "https://p16.tiktokcdn.com/img/tos-useast2a-v-2774/0cbc8b0524c94c7088ec35a79ccd97f7~c5_100x100.jpeg",
          "medium": "https://p16.tiktokcdn.com/img/tos-useast2a-v-2774/0cbc8b0524c94c7088ec35a79ccd97f7~c5_300x300.jpeg",
          "big": "https://p16.tiktokcdn.com/img/tos-useast2a-v-2774/0cbc8b0524c94c7088ec35a79ccd97f7~c5_720x720.jpeg",
          "large": "https://p16.tiktokcdn.com/img/tos-useast2a-v-2774/0cbc8b0524c94c7088ec35a79ccd97f7~c5_1080x1080.jpeg"
        },
        "webp": {
          "small": "https://p16.tiktokcdn.com/img/tos-useast2a-v-2774/0cbc8b0524c94c7088ec35a79ccd97f7~c5_100x100.webp",
          "medium": "https://p16.tiktokcdn.com/img/tos-useast2a-v-2774/0cbc8b0524c94c7088ec35a79ccd97f7~c5_300x300.webp",
          "big": "https://p16.tiktokcdn.com/img/tos-useast2a-v-2774/0cbc8b0524c94c7088ec35a79ccd97f7~c5_720x720.webp",
          "large": "https://p16.tiktokcdn.com/img/tos-useast2a-v-2774/0cbc8b0524c94c7088ec35a79ccd97f7~c5_1080x1080.webp"
        }
      },
      "musicInfo": {
        "author": "Kbfr",
        "title": "Hood Baby",
        "playUrl": "https://sf16-ies-music-va.tiktokcdn.com/obj/tos-useast2a-ve-2774/7cd20eb94aea400dbdd277af9a6b4b31"
      },
      "stats": {
        "posts": 3000000
      }
    },
    {
      "musicId": "6807966889273346822",
      "avatar": {
        "jpeg": {
          "small": "https://p16.tiktokcdn.com/img/tos-useast2a-v-2774/26e5d9cfaec1469c940e5760b67f2c63~c5_100x100.jpeg",
          "medium": "https://p16.tiktokcdn.com/img/tos-useast2a-v-2774/26e5d9cfaec1469c940e5760b67f2c63~c5_300x300.jpeg",
          "big": "https://p16.tiktokcdn.com/img/tos-useast2a-v-2774/26e5d9cfaec1469c940e5760b67f2c63~c5_720x720.jpeg",
          "large": "https://p16.tiktokcdn.com/img/tos-useast2a-v-2774/26e5d9cfaec1469c940e5760b67f2c63~c5_1080x1080.jpeg"
        },
        "webp": {
          "small": "https://p16.tiktokcdn.com/img/tos-useast2a-v-2774/26e5d9cfaec1469c940e5760b67f2c63~c5_100x100.webp",
          "medium": "https://p16.tiktokcdn.com/img/tos-useast2a-v-2774/26e5d9cfaec1469c940e5760b67f2c63~c5_300x300.webp",
          "big": "https://p16.tiktokcdn.com/img/tos-useast2a-v-2774/26e5d9cfaec1469c940e5760b67f2c63~c5_720x720.webp",
          "large": "https://p16.tiktokcdn.com/img/tos-useast2a-v-2774/26e5d9cfaec1469c940e5760b67f2c63~c5_1080x1080.webp"
        }
      },
      "musicInfo": {
        "author": "Ir Sais",
        "title": "Dream Girl",
        "playUrl": "https://sf16-ies-music-va.tiktokcdn.com/obj/tos-useast2a-ve-2774/328585413d21411dbb6c6bb13e176056"
      },
      "stats": {
        "posts": 13000000
      }
    },
    {
      "musicId": "6813134956269947654",
      "avatar": {
        "jpeg": {
          "small": "https://p16.tiktokcdn.com/img/tos-useast2a-v-2774/6b1a5b6360c842be994db3d7644c5a53~c5_100x100.jpeg",
          "medium": "https://p16.tiktokcdn.com/img/tos-useast2a-v-2774/6b1a5b6360c842be994db3d7644c5a53~c5_300x300.jpeg",
          "big": "https://p16.tiktokcdn.com/img/tos-useast2a-v-2774/6b1a5b6360c842be994db3d7644c5a53~c5_720x720.jpeg",
          "large": "https://p16.tiktokcdn.com/img/tos-useast2a-v-2774/6b1a5b6360c842be994db3d7644c5a53~c5_1080x1080.jpeg"
        },
        "webp": {
          "small": "https://p16.tiktokcdn.com/img/tos-useast2a-v-2774/6b1a5b6360c842be994db3d7644c5a53~c5_100x100.webp",
          "medium": "https://p16.tiktokcdn.com/img/tos-useast2a-v-2774/6b1a5b6360c842be994db3d7644c5a53~c5_300x300.webp",
          "big": "https://p16.tiktokcdn.com/img/tos-useast2a-v-2774/6b1a5b6360c842be994db3d7644c5a53~c5_720x720.webp",
          "large": "https://p16.tiktokcdn.com/img/tos-useast2a-v-2774/6b1a5b6360c842be994db3d7644c5a53~c5_1080x1080.webp"
        }
      },
      "musicInfo": {
        "author": "Curtis Waters",
        "title": "Stunnin' (feat. Harm Franklin)",
        "playUrl": "https://sf16-ies-music-va.tiktokcdn.com/obj/tos-useast2a-ve-2774/fcb56e66d826417fbec528a6da100727"
      },
      "stats": {
        "posts": 1100000
      }
    },
    {
      "musicId": "6827517892439968517",
      "avatar": {
        "jpeg": {
          "small": "https://p16.tiktokcdn.com/img/tos-useast2a-v-2774/dc738176c20d46bbb7d0b153f6722a70~c5_100x100.jpeg",
          "medium": "https://p16.tiktokcdn.com/img/tos-useast2a-v-2774/dc738176c20d46bbb7d0b153f6722a70~c5_300x300.jpeg",
          "big": "https://p16.tiktokcdn.com/img/tos-useast2a-v-2774/dc738176c20d46bbb7d0b153f6722a70~c5_720x720.jpeg",
          "large": "https://p16.tiktokcdn.com/img/tos-useast2a-v-2774/dc738176c20d46bbb7d0b153f6722a70~c5_1080x1080.jpeg"
        },
        "webp": {
          "small": "https://p16.tiktokcdn.com/img/tos-useast2a-v-2774/dc738176c20d46bbb7d0b153f6722a70~c5_100x100.webp",
          "medium": "https://p16.tiktokcdn.com/img/tos-useast2a-v-2774/dc738176c20d46bbb7d0b153f6722a70~c5_300x300.webp",
          "big": "https://p16.tiktokcdn.com/img/tos-useast2a-v-2774/dc738176c20d46bbb7d0b153f6722a70~c5_720x720.webp",
          "large": "https://p16.tiktokcdn.com/img/tos-useast2a-v-2774/dc738176c20d46bbb7d0b153f6722a70~c5_1080x1080.webp"
        }
      },
      "musicInfo": {
        "author": "Chloe x Halle",
        "title": "Do It",
        "playUrl": "https://sf16-ies-music-va.tiktokcdn.com/obj/tos-useast2a-ve-2774/a06db1e9483e48a1ab24a09abe34b473"
      },
      "stats": {
        "posts": 480500
      }
    },
    {
      "musicId": "6834110584288447237",
      "avatar": {
        "jpeg": {
          "small": "https://p16.tiktokcdn.com/img/tos-useast2a-v-2774/03597ada913346c68b7378afb3c41894~c5_100x100.jpeg",
          "medium": "https://p16.tiktokcdn.com/img/tos-useast2a-v-2774/03597ada913346c68b7378afb3c41894~c5_300x300.jpeg",
          "big": "https://p16.tiktokcdn.com/img/tos-useast2a-v-2774/03597ada913346c68b7378afb3c41894~c5_720x720.jpeg",
          "large": "https://p16.tiktokcdn.com/img/tos-useast2a-v-2774/03597ada913346c68b7378afb3c41894~c5_1080x1080.jpeg"
        },
        "webp": {
          "small": "https://p16.tiktokcdn.com/img/tos-useast2a-v-2774/03597ada913346c68b7378afb3c41894~c5_100x100.webp",
          "medium": "https://p16.tiktokcdn.com/img/tos-useast2a-v-2774/03597ada913346c68b7378afb3c41894~c5_300x300.webp",
          "big": "https://p16.tiktokcdn.com/img/tos-useast2a-v-2774/03597ada913346c68b7378afb3c41894~c5_720x720.webp",
          "large": "https://p16.tiktokcdn.com/img/tos-useast2a-v-2774/03597ada913346c68b7378afb3c41894~c5_1080x1080.webp"
        }
      },
      "musicInfo": {
        "author": "Jawsh 685 & Jason Derulo",
        "title": "Savage Love (Laxed - Siren Beat)",
        "playUrl": "https://sf16-ies-music-va.tiktokcdn.com/obj/tos-useast2a-ve-2774/801988dded3f4f05853ee23c3a242345"
      },
      "stats": {
        "posts": 745800
      }
    },
    {
      "musicId": "6754420279457565445",
      "avatar": {
        "jpeg": {
          "small": "https://p16.tiktokcdn.com/img/tos-useast2a-v-2774/4de631881d214263b53f896dcfe12471~c5_100x100.jpeg",
          "medium": "https://p16.tiktokcdn.com/img/tos-useast2a-v-2774/4de631881d214263b53f896dcfe12471~c5_300x300.jpeg",
          "big": "https://p16.tiktokcdn.com/img/tos-useast2a-v-2774/4de631881d214263b53f896dcfe12471~c5_720x720.jpeg",
          "large": "https://p16.tiktokcdn.com/img/tos-useast2a-v-2774/4de631881d214263b53f896dcfe12471~c5_1080x1080.jpeg"
        },
        "webp": {
          "small": "https://p16.tiktokcdn.com/img/tos-useast2a-v-2774/4de631881d214263b53f896dcfe12471~c5_100x100.webp",
          "medium": "https://p16.tiktokcdn.com/img/tos-useast2a-v-2774/4de631881d214263b53f896dcfe12471~c5_300x300.webp",
          "big": "https://p16.tiktokcdn.com/img/tos-useast2a-v-2774/4de631881d214263b53f896dcfe12471~c5_720x720.webp",
          "large": "https://p16.tiktokcdn.com/img/tos-useast2a-v-2774/4de631881d214263b53f896dcfe12471~c5_1080x1080.webp"
        }
      },
      "musicInfo": {
        "author": "Electric Light Orchestra",
        "title": "Mr. Blue Sky",
        "playUrl": "https://sf16-ies-music-va.tiktokcdn.com/obj/tos-useast2a-ve-2774/b6210191f1854b7c9157d5d1e2e5fe77"
      },
      "stats": {
        "posts": 562700
      }
    },
    {
      "musicId": "6746993352891189249",
      "avatar": {
        "jpeg": {
          "small": "https://p16.tiktokcdn.com/img/tos-useast2a-v-2774/383f5db9f1e44955896da2c8eb7be6ac~c5_100x100.jpeg",
          "medium": "https://p16.tiktokcdn.com/img/tos-useast2a-v-2774/383f5db9f1e44955896da2c8eb7be6ac~c5_300x300.jpeg",
          "big": "https://p16.tiktokcdn.com/img/tos-useast2a-v-2774/383f5db9f1e44955896da2c8eb7be6ac~c5_720x720.jpeg",
          "large": "https://p16.tiktokcdn.com/img/tos-useast2a-v-2774/383f5db9f1e44955896da2c8eb7be6ac~c5_1080x1080.jpeg"
        },
        "webp": {
          "small": "https://p16.tiktokcdn.com/img/tos-useast2a-v-2774/383f5db9f1e44955896da2c8eb7be6ac~c5_100x100.webp",
          "medium": "https://p16.tiktokcdn.com/img/tos-useast2a-v-2774/383f5db9f1e44955896da2c8eb7be6ac~c5_300x300.webp",
          "big": "https://p16.tiktokcdn.com/img/tos-useast2a-v-2774/383f5db9f1e44955896da2c8eb7be6ac~c5_720x720.webp",
          "large": "https://p16.tiktokcdn.com/img/tos-useast2a-v-2774/383f5db9f1e44955896da2c8eb7be6ac~c5_1080x1080.webp"
        }
      },
      "musicInfo": {
        "author": "Kevin MacLeod",
        "title": "Monkeys Spinning Monkeys",
        "playUrl": "https://sf16-ies-music-va.tiktokcdn.com/obj/tos-useast2a-ve-2774/94088a3e562a44af8ee16f490f5e529e"
      },
      "stats": {
        "posts": 12200000
      }
    },
    {
      "musicId": "6691366574592396038",
      "avatar": {
        "jpeg": {
          "small": "https://p16.tiktokcdn.com/img/tos-useast2a-v-2774/1fc90c53393a493ba85b0beec3e4e01d~c5_100x100.jpeg",
          "medium": "https://p16.tiktokcdn.com/img/tos-useast2a-v-2774/1fc90c53393a493ba85b0beec3e4e01d~c5_300x300.jpeg",
          "big": "https://p16.tiktokcdn.com/img/tos-useast2a-v-2774/1fc90c53393a493ba85b0beec3e4e01d~c5_720x720.jpeg",
          "large": "https://p16.tiktokcdn.com/img/tos-useast2a-v-2774/1fc90c53393a493ba85b0beec3e4e01d~c5_1080x1080.jpeg"
        },
        "webp": {
          "small": "https://p16.tiktokcdn.com/img/tos-useast2a-v-2774/1fc90c53393a493ba85b0beec3e4e01d~c5_100x100.webp",
          "medium": "https://p16.tiktokcdn.com/img/tos-useast2a-v-2774/1fc90c53393a493ba85b0beec3e4e01d~c5_300x300.webp",
          "big": "https://p16.tiktokcdn.com/img/tos-useast2a-v-2774/1fc90c53393a493ba85b0beec3e4e01d~c5_720x720.webp",
          "large": "https://p16.tiktokcdn.com/img/tos-useast2a-v-2774/1fc90c53393a493ba85b0beec3e4e01d~c5_1080x1080.webp"
        }
      },
      "musicInfo": {
        "author": "KRYPTO9095",
        "title": "Woah (feat. D3Mstreet)",
        "playUrl": "https://sf16-ies-music-va.tiktokcdn.com/obj/tos-useast2a-ve-2774/8b7574ae7d864d259bc0ee18880505fe"
      },
      "stats": {
        "posts": 12500000
      }
    }
  ]
}