{
  "user": [
    {
      "userId": "5831967",
      "secUserId": "MS4wLjABAAAA-VASjiXTh7wDDyXvjk10VFhMWUAoxr8bgfO1kAL1-9s",
      "id": "@charlidamelio",
      "name": "charli d’amelio",
      "bio": "",
      "verified": true,
      "avatar": {
        "jpeg": {
          "small": "https://p16.tiktokcdn.com/musically-maliva-obj/0a0242e5f906bf9301f859c568b5ecc4~c5_100x100.jpeg",
          "medium": "https://p16.tiktokcdn.com/musically-maliva-obj/0a0242e5f906bf9301f859c568b5ecc4~c5_300x300.jpeg",
          "big": "https://p16.tiktokcdn.com/musically-maliva-obj/0a0242e5f906bf9301f859c568b5ecc4~c5_720x720.jpeg",
          "large": "https://p16.tiktokcdn.com/musically-maliva-obj/0a0242e5f906bf9301f859c568b5ecc4~c5_1080x1080.jpeg"
        },
        "webp": {
          "small": "https://p16.tiktokcdn.com/musically-maliva-obj/0a0242e5f906bf9301f859c568b5ecc4~c5_100x100.webp",
          "medium": "https://p16.tiktokcdn.com/musically-maliva-obj/0a0242e5f906bf9301f859c568b5ecc4~c5_300x300.webp",
          "big": "https://p16.tiktokcdn.com/musically-maliva-obj/0a0242e5f906bf9301f859c568b5ecc4~c5_720x720.webp",
          "large": "https://p16.tiktokcdn.com/musically-maliva-obj/0a0242e5f906bf9301f859c568b5ecc4~c5_1080x1080.webp"
        }
      },
      "stats": {
        "followers": 120100000,
        "likes": 9600000000
      }
    },
    {
      "userId": "6748458643983238149",
      "secUserId": "MS4wLjABAAAAIQGNoHByQvokcLbWCGnIfas0OV2nctsZnRFbN7eB04xt-9usrHe3UvXJRZLxBWlJ",
      "id": "@bellapoarch",
      "name": "Bella Poarch",
      "bio": "BUILD A BITCH MUSIC VIDEO OUT NOW😈",
      "verified": true,
      "avatar": {
        "jpeg": {
          "small": "https://p16.tiktokcdn.com/tos-maliva-avt-0068/01d747eeb63f0cef2cc05a0099ab74e3~c5_100x100.jpeg",
          "medium": "https://p16.tiktokcdn.com/tos-maliva-avt-0068/01d747eeb63f0cef2cc05a0099ab74e3~c5_300x300.jpeg",
          "big": "https://p16.tiktokcdn.com/tos-maliva-avt-0068/01d747eeb63f0cef2cc05a0099ab74e3~c5_720x720.jpeg",
          "large": "https://p16.tiktokcdn.com/tos-maliva-avt-0068/01d747eeb63f0cef2cc05a0099ab74e3~c5_1080x1080.jpeg"
        },
        "webp": {
          "small": "https://p16.tiktokcdn.com/tos-maliva-avt-0068/01d747eeb63f0cef2cc05a0099ab74e3~c5_100x100.webp",
          "medium": "https://p16.tiktokcdn.com/tos-maliva-avt-0068/01d747eeb63f0cef2cc05a0099ab74e3~c5_300x300.webp",
          "big": "https://p16.tiktokcdn.com/tos-maliva-avt-0068/01d747eeb63f0cef2cc05a0099ab74e3~c5_720x720.webp",
          "large": "https://p16.tiktokcdn.com/tos-maliva-avt-0068/01d747eeb63f0cef2cc05a0099ab74e3~c5_1080x1080.webp"
        }
      },
      "stats": {
        "followers": 76200000,
        "likes": 1700000000
      }
    },
    {
      "userId": "6727327145951183878",
      "secUserId": "MS4wLjABAAAA8ezUaW4ecJX222ObGXxt07F9BIh4QH3-g1P1DHyChT2LLi2cn-vAE2R53-H672ZO",
      "id": "@willsmith",
      "name": "Will Smith",
      "bio": "Same kid from West Philly.",
      "verified": true,
      "avatar": {
        "jpeg": {
          "small": "https://p16.tiktokcdn.com/musically-maliva-obj/1646315618666501~c5_100x100.jpeg",
          "medium": "https://p16.tiktokcdn.com/musically-maliva-obj/1646315618666501~c5_300x300.jpeg",
          "big": "https://p16.tiktokcdn.com/musically-maliva-obj/1646315618666501~c5_720x720.jpeg",
          "large": "https://p16.tiktokcdn.com/musically-maliva-obj/1646315618666501~c5_1080x1080.jpeg"
        },
        "webp": {
          "small": "https://p16.tiktokcdn.com/musically-maliva-obj/1646315618666501~c5_100x100.webp",
          "medium": "https://p16.tiktokcdn.com/musically-maliva-obj/1646315618666501~c5_300x300.webp",
          "big": "https://p16.tiktokcdn.com/musically-maliva-obj/1646315618666501~c5_720x720.webp",
          "large": "https://p16.tiktokcdn.com/musically-maliva-obj/1646315618666501~c5_1080x1080.webp"
        }
      },
      "stats": {
        "followers": 58900000,
        "likes": 370300000
      }
    },
    {
      "userId": "6957597538883142661",
      "secUserId": "MS4wLjABAAAAOfW3UzLFyh5oMJNYvSZBTqy_9_TJhUscRNeom3mDIOAf5QIeVdKWTFMbbeZAP1wq",
      "id": "@lights.are.off",
      "name": "LIGHTS ARE OFF",
      "bio": "LIGHTS ARE OFF\nI bring nightmares to life every night 💀\n3D Animator",
      "verified": false,
      "avatar": {
        "jpeg": {
          "small": "https://p16.tiktokcdn.com/tos-maliva-avt-0068/150631fa8a769746d8fdeb8494ccf786~c5_100x100.jpeg",
          "medium": "https://p16.tiktokcdn.com/tos-maliva-avt-0068/150631fa8a769746d8fdeb8494ccf786~c5_300x300.jpeg",
          "big": "https://p16.tiktokcdn.com/tos-maliva-avt-0068/150631fa8a769746d8fdeb8494ccf786~c5_720x720.jpeg",
          "large": "https://p16.tiktokcdn.com/tos-maliva-avt-0068/150631fa8a769746d8fdeb8494ccf786~c5_1080x1080.jpeg"
        },
        "webp": {
          "small": "https://p16.tiktokcdn.com/tos-maliva-avt-0068/150631fa8a769746d8fdeb8494ccf786~c5_100x100.webp",
          "medium": "https://p16.tiktokcdn.com/tos-maliva-avt-0068/150631fa8a769746d8fdeb8494ccf786~c5_300x300.webp",
          "big": "https://p16.tiktokcdn.com/tos-maliva-avt-0068/150631fa8a769746d8fdeb8494ccf786~c5_720x720.webp",
          "large": "https://p16.tiktokcdn.com/tos-maliva-avt-0068/150631fa8a769746d8fdeb8494ccf786~c5_1080x1080.webp"
        }
      },
      "stats": {
        "followers": 11100000,
        "likes": 173300000
      }
    },
    {
      "userId": "6780564068844880902",
      "secUserId": "MS4wLjABAAAAqRy-nnmorDVMJ1JddqSqduRvlpsNEiZN8ADzdePW-bRdBYVRjcgE4g8NMcyd9Sbp",
      "id": "@miakhalifa",
      "name": "Mia Khalifa",
      "bio": "Immigrant 🇱🇧 Not Malala. Inquiries@Myotis.co",
      "verified": true,
      "avatar": {
        "jpeg": {
          "small": "https://p16.tiktokcdn.com/tos-maliva-avt-0068/c17f4eee2c2c4e709c4f3c4706372677~c5_100x100.jpeg",
          "medium": "https://p16.tiktokcdn.com/tos-maliva-avt-0068/c17f4eee2c2c4e709c4f3c4706372677~c5_300x300.jpeg",
          "big": "https://p16.tiktokcdn.com/tos-maliva-avt-0068/c17f4eee2c2c4e709c4f3c4706372677~c5_720x720.jpeg",
          "large": "https://p16.tiktokcdn.com/tos-maliva-avt-0068/c17f4eee2c2c4e709c4f3c4706372677~c5_1080x1080.jpeg"
        },
        "webp": {
          "small": "https://p16.tiktokcdn.com/tos-maliva-avt-0068/c17f4eee2c2c4e709c4f3c4706372677~c5_100x100.webp",
          "medium": "https://p16.tiktokcdn.com/tos-maliva-avt-0068/c17f4eee2c2c4e709c4f3c4706372677~c5_300x300.webp",
          "big": "https://p16.tiktokcdn.com/tos-maliva-avt-0068/c17f4eee2c2c4e709c4f3c4706372677~c5_720x720.webp",
          "large": "https://p16.tiktokcdn.com/tos-maliva-avt-0068/c17f4eee2c2c4e709c4f3c4706372677~c5_1080x1080.webp"
        }
      },
      "stats": {
        "followers": 26300000,
        "likes": 362700000
      }
    },
    {
      "userId": "6746417382892176389",
      "secUserId": "MS4wLjABAAAAwOIa5vSA9Qy40SlT9q4Y9LhCTR__vPTjLQ06IAjfcGlC8NPTplo-RjwW0ljl0jsw",
      "id": "@keemokazi",
      "name": "KEEMOKAZI",
      "bio": "DM’ing new followers on IG right now 😍↖️",
      "verified": true,
      "avatar": {
        "jpeg": {
          "small": "https://p16.tiktokcdn.com/tos-maliva-avt-0068/293894c630e40241f6e8a1003e8d9a86~c5_100x100.jpeg",
          "medium": "https://p16.tiktokcdn.com/tos-maliva-avt-0068/293894c630e40241f6e8a1003e8d9a86~c5_300x300.jpeg",
          "big": "https://p16.tiktokcdn.com/tos-maliva-avt-0068/293894c630e40241f6e8a1003e8d9a86~c5_720x720.jpeg",
          "large": "https://p16.tiktokcdn.com/tos-maliva-avt-0068/293894c630e40241f6e8a1003e8d9a86~c5_1080x1080.jpeg"
        },
        "webp": {
          "small": "https://p16.tiktokcdn.com/tos-maliva-avt-0068/293894c630e40241f6e8a1003e8d9a86~c5_100x100.webp",
          "medium": "https://p16.tiktokcdn.com/tos-maliva-avt-0068/293894c630e40241f6e8a1003e8d9a86~c5_300x300.webp",
          "big": "https://p16.tiktokcdn.com/tos-maliva-avt-0068/293894c630e40241f6e8a1003e8d9a86~c5_720x720.webp",
          "large": "https://p16.tiktokcdn.com/tos-maliva-avt-0068/293894c630e40241f6e8a1003e8d9a86~c5_1080x1080.webp"
        }
      },
      "stats": {
        "followers": 19400000,
        "likes": 817500000
      }
    },
    {
      "userId": "6879693940111901701",
      "secUserId": "MS4wLjABAAAAQC9D0J9C7zCdiToBJvaCHEZZl1FXTKeeSVoyGQld--0hcxb3lqDTxaSRjByAVlAs",
      "id": "@billieeilish",
      "name": "BILLIE EILISH",
      "bio": "19",
      "verified": true,
      "avatar": {
        "jpeg": {
          "small": "https://p16.tiktokcdn.com/tos-maliva-avt-0068/672d48539962ac07c4b32013fdc92386~c5_100x100.jpeg",
          "medium": "https://p16.tiktokcdn.com/tos-maliva-avt-0068/672d48539962ac07c4b32013fdc92386~c5_300x300.jpeg",
          "big": "https://p16.tiktokcdn.com/tos-maliva-avt-0068/672d48539962ac07c4b32013fdc92386~c5_720x720.jpeg",
          "large": "https://p16.tiktokcdn.com/tos-maliva-avt-0068/672d48539962ac07c4b32013fdc92386~c5_1080x1080.jpeg"
        },
        "webp": {
          "small": "https://p16.tiktokcdn.com/tos-maliva-avt-0068/672d48539962ac07c4b32013fdc92386~c5_100x100.webp",
          "medium": "https://p16.tiktokcdn.com/tos-maliva-avt-0068/672d48539962ac07c4b32013fdc92386~c5_300x300.webp",
          "big": "https://p16.tiktokcdn.com/tos-maliva-avt-0068/672d48539962ac07c4b32013fdc92386~c5_720x720.webp",
          "large": "https://p16.tiktokcdn.com/tos-maliva-avt-0068/672d48539962ac07c4b32013fdc92386~c5_1080x1080.webp"
        }
      },
      "stats": {
        "followers": 32300000,
        "likes": 165300000
      }
    },
    {
      "userId": "6663294979903422470",
      "secUserId": "MS4wLjABAAAAbq-1Yqpp1a6u5KbV_sMg93_FK7AN3d6MJeZ3H0Yj3vZXOtqFXXjc2TIkMW7flCxX",
      "id": "@espn",
      "name": "ESPN",
      "bio": "You won’t regret following! 🔥",
      "verified": true,
      "avatar": {
        "jpeg": {
          "small": "https://p16.tiktokcdn.com/musically-maliva-obj/1627299377282054~c5_100x100.jpeg",
          "medium": "https://p16.tiktokcdn.com/musically-maliva-obj/1627299377282054~c5_300x300.jpeg",
          "big": "https://p16.tiktokcdn.com/musically-maliva-obj/1627299377282054~c5_720x720.jpeg",
          "large": "https://p16.tiktokcdn.com/musically-maliva-obj/1627299377282054~c5_1080x1080.jpeg"
        },
        "webp": {
          "small": "https://p16.tiktokcdn.com/musically-maliva-obj/1627299377282054~c5_100x100.webp",
          "medium": "https://p16.tiktokcdn.com/musically-maliva-obj/1627299377282054~c5_300x300.webp",
          "big": "https://p16.tiktokcdn.com/musically-maliva-obj/1627299377282054~c5_720x720.webp",
          "large": "https://p16.tiktokcdn.com/musically-maliva-obj/1627299377282054~c5_1080x1080.webp"
        }
      },
      "stats": {
        "followers": 17500000,
        "likes": 1200000000
      }
    },
    {
      "userId": "6775033566016963589",
      "secUserId": "MS4wLjABAAAAt0f_-5VFQSVpQ19iDpehvCPN4UgDV-Y6SOYicZxKDjgKfKzUdnRZFTDe3GMdiGJd",
      "id": "@noahbeck",
      "name": "noah beck",
      "bio": "ur luv’d<3\ndo what makes you happy\nbusiness: noah@talentxent.com",
      "verified": true,
      "avatar": {
        "jpeg": {
          "small": "https://p16.tiktokcdn.com/musically-maliva-obj/1655224972112917~c5_100x100.jpeg",
          "medium": "https://p16.tiktokcdn.com/musically-maliva-obj/1655224972112917~c5_300x300.jpeg",
          "big": "https://p16.tiktokcdn.com/musically-maliva-obj/1655224972112917~c5_720x720.jpeg",
          "large": "https://p16.tiktokcdn.com/musically-maliva-obj/1655224972112917~c5_1080x1080.jpeg"
        },
        "webp": {
          "small": "https://p16.tiktokcdn.com/musically-maliva-obj/1655224972112917~c5_100x100.webp",
          "medium": "https://p16.tiktokcdn.com/musically-maliva-obj/1655224972112917~c5_300x300.webp",
          "big": "https://p16.tiktokcdn.com/musically-maliva-obj/1655224972112917~c5_720x720.webp",
          "large": "https://p16.tiktokcdn.com/musically-maliva-obj/1655224972112917~c5_1080x1080.webp"
        }
      },
      "stats": {
        "followers": 29100000,
        "likes": 1800000000
      }
    },
    {
      "userId": "934514",
      "secUserId": "MS4wLjABAAAAnxWfYv1g7kmRyc16HKc95Su94xgb57C6n1BjLCp_Jl0",
      "id": "@lorengray",
      "name": "Loren Gray",
      "bio": "piece of work out now <3",
      "verified": true,
      "avatar": {
        "jpeg": {
          "small": "https://p16.tiktokcdn.com/tos-maliva-avt-0068/307429a3d56d5aac491bc7666055fa5c~c5_100x100.jpeg",
          "medium": "https://p16.tiktokcdn.com/tos-maliva-avt-0068/307429a3d56d5aac491bc7666055fa5c~c5_300x300.jpeg",
          "big": "https://p16.tiktokcdn.com/tos-maliva-avt-0068/307429a3d56d5aac491bc7666055fa5c~c5_720x720.jpeg",
          "large": "https://p16.tiktokcdn.com/tos-maliva-avt-0068/307429a3d56d5aac491bc7666055fa5c~c5_1080x1080.jpeg"
        },
        "webp": {
          "small": "https://p16.tiktokcdn.com/tos-maliva-avt-0068/307429a3d56d5aac491bc7666055fa5c~c5_100x100.webp",
          "medium": "https://p16.tiktokcdn.com/tos-maliva-avt-0068/307429a3d56d5aac491bc7666055fa5c~c5_300x300.webp",
          "big": "https://p16.tiktokcdn.com/tos-maliva-avt-0068/307429a3d56d5aac491bc7666055fa5c~c5_720x720.webp",
          "large": "https://p16.tiktokcdn.com/tos-maliva-avt-0068/307429a3d56d5aac491bc7666055fa5c~c5_1080x1080.webp"
        }
      },
      "stats": {
        "followers": 53300000,
        "likes": 2800000000
      }
    },
    {
      "userId": "6658722935124328453",
      "secUserId": "MS4wLjABAAAAS9ciBdtH3kzTIz09dQVBybwPFnbjO-Q5FqkXdQ34LLBTkIi6hLYYwtYLDwjh0PaY",
      "id": "@lilnasx",
      "name": "lil nas x",
      "bio": "“MONTERO (CALL ME BY YOUR NAME)” & “SUN GOES DOWN” OUT NOW! 🤍",
      "verified": true,
      "avatar": {
        "jpeg": {
          "small": "https://p16.tiktokcdn.com/tos-maliva-avt-0068/5932123c1d913207622a9cd9bf89bacb~c5_100x100.jpeg",
          "medium": "https://p16.tiktokcdn.com/tos-maliva-avt-0068/5932123c1d913207622a9cd9bf89bacb~c5_300x300.jpeg",
          "big": "https://p16.tiktokcdn.com/tos-maliva-avt-0068/5932123c1d913207622a9cd9bf89bacb~c5_720x720.jpeg",
          "large": "https://p16.tiktokcdn.com/tos-maliva-avt-0068/5932123c1d913207622a9cd9bf89bacb~c5_1080x1080.jpeg"
        },
        "webp": {
          "small": "https://p16.tiktokcdn.com/tos-maliva-avt-0068/5932123c1d913207622a9cd9bf89bacb~c5_100x100.webp",
          "medium": "https://p16.tiktokcdn.com/tos-maliva-avt-0068/5932123c1d913207622a9cd9bf89bacb~c5_300x300.webp",
          "big": "https://p16.tiktokcdn.com/tos-maliva-avt-0068/5932123c1d913207622a9cd9bf89bacb~c5_720x720.webp",
          "large": "https://p16.tiktokcdn.com/tos-maliva-avt-0068/5932123c1d913207622a9cd9bf89bacb~c5_1080x1080.webp"
        }
      },
      "stats": {
        "followers": 17700000,
        "likes": 584000000
      }
    },
    {
      "userId": "6567760124612624390",
      "secUserId": "MS4wLjABAAAAMTpWIYlhG19o74d4lxlaFMEhQTYaSsmaU3vAI97wsr1mm4XojXreNNI-Qsf8P41o",
      "id": "@joealbanese",
      "name": "Joe",
      "bio": "Subscribe to my channel! :) ❤️⬆️\n1v1 VS my MOM in Roblox!!! ⬇️",
      "verified": true,
      "avatar": {
        "jpeg": {
          "small": "https://p16.tiktokcdn.com/musically-maliva-obj/1655768604864517~c5_100x100.jpeg",
          "medium": "https://p16.tiktokcdn.com/musically-maliva-obj/1655768604864517~c5_300x300.jpeg",
          "big": "https://p16.tiktokcdn.com/musically-maliva-obj/1655768604864517~c5_720x720.jpeg",
          "large": "https://p16.tiktokcdn.com/musically-maliva-obj/1655768604864517~c5_1080x1080.jpeg"
        },
        "webp": {
          "small": "https://p16.tiktokcdn.com/musically-maliva-obj/1655768604864517~c5_100x100.webp",
          "medium": "https://p16.tiktokcdn.com/musically-maliva-obj/1655768604864517~c5_300x300.webp",
          "big": "https://p16.tiktokcdn.com/musically-maliva-obj/1655768604864517~c5_720x720.webp",
          "large": "https://p16.tiktokcdn.com/musically-maliva-obj/1655768604864517~c5_1080x1080.webp"
        }
      },
      "stats": {
        "followers": 32600000,
        "likes": 1200000000
      }
    },
    {
      "userId": "68616495085350913",
      "secUserId": "MS4wLjABAAAANnzJ9pdfxtlf3m5Ku_M-rCXVitJC13w4GavqyUD3RE8h1cZ-7O9FT-uQ9rCJjU_E",
      "id": "@zachking",
      "name": "Zach King",
      "bio": "Bringing a little more wonder into the world, 15 seconds at a time",
      "verified": true,
      "avatar": {
        "jpeg": {
          "small": "https://p16.tiktokcdn.com/aweme/100x100/tos-alisg-avt-0068/smgf5f369c884044a8df770614bbfd64717.jpeg",
          "medium": "https://p16.tiktokcdn.com/aweme/720x720/tos-alisg-avt-0068/smgf5f369c884044a8df770614bbfd64717.jpeg",
          "big": "https://p16.tiktokcdn.com/aweme/720x720/tos-alisg-avt-0068/smgf5f369c884044a8df770614bbfd64717.jpeg",
          "large": "https://p16.tiktokcdn.com/aweme/1080x1080/tos-alisg-avt-0068/smgf5f369c884044a8df770614bbfd64717.jpeg"
        },
        "webp": {
          "small": "https://p16.tiktokcdn.com/aweme/100x100/tos-alisg-avt-0068/smgf5f369c884044a8df770614bbfd64717.webp",
          "medium": "https://p16.tiktokcdn.com/aweme/720x720/tos-alisg-avt-0068/smgf5f369c884044a8df770614bbfd64717.webp",
          "big": "https://p16.tiktokcdn.com/aweme/720x720/tos-alisg-avt-0068/smgf5f369c884044a8df770614bbfd64717.webp",
          "large": "https://p16.tiktokcdn.com/aweme/1080x1080/tos-alisg-avt-0068/smgf5f369c884044a8df770614bbfd64717.webp"
        }
      },
      "stats": {
        "followers": 62400000,
        "likes": 775200000
      }
    },
    {
      "userId": "6732255236565877766",
      "secUserId": "MS4wLjABAAAA6Vj7B0_YfDW520DHU1uTcoqJ93wWaUEJvVsnxquOJbjB-F4vH4xJ9AcXA_GRfR9Z",
      "id": "@thatlittlepuff",
      "name": "ThatLittlePuff",
      "bio": "The one and only meow Chef\n⬇️ Our shop is open ⬇️",
      "verified": true,
      "avatar": {
        "jpeg": {
          "small": "https://p16.tiktokcdn.com/musically-maliva-obj/d49908509bbe65491f4271da854c753b~c5_100x100.jpeg",
          "medium": "https://p16.tiktokcdn.com/musically-maliva-obj/d49908509bbe65491f4271da854c753b~c5_300x300.jpeg",
          "big": "https://p16.tiktokcdn.com/musically-maliva-obj/d49908509bbe65491f4271da854c753b~c5_720x720.jpeg",
          "large": "https://p16.tiktokcdn.com/musically-maliva-obj/d49908509bbe65491f4271da854c753b~c5_1080x1080.jpeg"
        },
        "webp": {
          "small": "https://p16.tiktokcdn.com/musically-maliva-obj/d49908509bbe65491f4271da854c753b~c5_100x100.webp",
          "medium": "https://p16.tiktokcdn.com/musically-maliva-obj/d49908509bbe65491f4271da854c753b~c5_300x300.webp",
          "big": "https://p16.tiktokcdn.com/musically-maliva-obj/d49908509bbe65491f4271da854c753b~c5_720x720.webp",
          "large": "https://p16.tiktokcdn.com/musically-maliva-obj/d49908509bbe65491f4271da854c753b~c5_1080x1080.webp"
        }
      },
      "stats": {
        "followers": 8700000,
        "likes": 116100000
      }
    },
    {
      "userId": "6716859375102870533",
      "secUserId": "MS4wLjABAAAAD9rtVkcUfCqBzsuTK5mjrPD8djY7Xkmlk-yeFTlnAw2pLwzWksfrV_G-i8I-hSon",
      "id": "@wren.eleanor",
      "name": "Wren & Jacquelyn",
      "bio": "Wren PO Box 461243 Papillion, NE 68046 📬\nteamwren@select.co 💗 We love you all!",
      "verified": false,
      "avatar": {
        "jpeg": {
          "small": "https://p16.tiktokcdn.com/tos-maliva-avt-0068/b9f93b282dda92b3ec40984012d42c0f~c5_100x100.jpeg",
          "medium": "https://p16.tiktokcdn.com/tos-maliva-avt-0068/b9f93b282dda92b3ec40984012d42c0f~c5_300x300.jpeg",
          "big": "https://p16.tiktokcdn.com/tos-maliva-avt-0068/b9f93b282dda92b3ec40984012d42c0f~c5_720x720.jpeg",
          "large": "https://p16.tiktokcdn.com/tos-maliva-avt-0068/b9f93b282dda92b3ec40984012d42c0f~c5_1080x1080.jpeg"
        },
        "webp": {
          "small": "https://p16.tiktokcdn.com/tos-maliva-avt-0068/b9f93b282dda92b3ec40984012d42c0f~c5_100x100.webp",
          "medium": "https://p16.tiktokcdn.com/tos-maliva-avt-0068/b9f93b282dda92b3ec40984012d42c0f~c5_300x300.webp",
          "big": "https://p16.tiktokcdn.com/tos-maliva-avt-0068/b9f93b282dda92b3ec40984012d42c0f~c5_720x720.webp",
          "large": "https://p16.tiktokcdn.com/tos-maliva-avt-0068/b9f93b282dda92b3ec40984012d42c0f~c5_1080x1080.webp"
        }
      },
      "stats": {
        "followers": 12600000,
        "likes": 335900000
      }
    },
    {
      "userId": "6669716864531054598",
      "secUserId": "MS4wLjABAAAAAzAz4PbZuttUx6tq4zteYqIXUwmEo28tPfZ5Wub03WbE0VA1X-DSH-KrZ3Kf7PMx",
      "id": "@brodywellmaker",
      "name": "Brody Wellmaker",
      "bio": "Future Oscar Winner\nbrodywellmaker@viralnationtalent.com",
      "verified": true,
      "avatar": {
        "jpeg": {
          "small": "https://p16.tiktokcdn.com/tos-maliva-avt-0068/80d5f6d9adc8dc1b3ed94d955c29e257~c5_100x100.jpeg",
          "medium": "https://p16.tiktokcdn.com/tos-maliva-avt-0068/80d5f6d9adc8dc1b3ed94d955c29e257~c5_300x300.jpeg",
          "big": "https://p16.tiktokcdn.com/tos-maliva-avt-0068/80d5f6d9adc8dc1b3ed94d955c29e257~c5_720x720.jpeg",
          "large": "https://p16.tiktokcdn.com/tos-maliva-avt-0068/80d5f6d9adc8dc1b3ed94d955c29e257~c5_1080x1080.jpeg"
        },
        "webp": {
          "small": "https://p16.tiktokcdn.com/tos-maliva-avt-0068/80d5f6d9adc8dc1b3ed94d955c29e257~c5_100x100.webp",
          "medium": "https://p16.tiktokcdn.com/tos-maliva-avt-0068/80d5f6d9adc8dc1b3ed94d955c29e257~c5_300x300.webp",
          "big": "https://p16.tiktokcdn.com/tos-maliva-avt-0068/80d5f6d9adc8dc1b3ed94d955c29e257~c5_720x720.webp",
          "large": "https://p16.tiktokcdn.com/tos-maliva-avt-0068/80d5f6d9adc8dc1b3ed94d955c29e257~c5_1080x1080.webp"
        }
      },
      "stats": {
        "followers": 13600000,
        "likes": 387900000
      }
    },
    {
      "userId": "6763517179218330630",
      "secUserId": "MS4wLjABAAAA3ZG_uAFM-vf9Omw6sxWqU8Bh-ZY-EwnqbrQ0ScgXABrEvc692ivoFRR-pB6LHDkV",
      "id": "@otakoyakisoba",
      "name": "otakoyakisoba",
      "bio": "Olly & Mama LuLu\nYour favorite Mother & Son duo.\n⬇️NEW YOUTUBE VIDEO!⬇️",
      "verified": true,
      "avatar": {
        "jpeg": {
          "small": "https://p16.tiktokcdn.com/tos-maliva-avt-0068/255ba841bacb92052229fc3aeafde015~c5_100x100.jpeg",
          "medium": "https://p16.tiktokcdn.com/tos-maliva-avt-0068/255ba841bacb92052229fc3aeafde015~c5_300x300.jpeg",
          "big": "https://p16.tiktokcdn.com/tos-maliva-avt-0068/255ba841bacb92052229fc3aeafde015~c5_720x720.jpeg",
          "large": "https://p16.tiktokcdn.com/tos-maliva-avt-0068/255ba841bacb92052229fc3aeafde015~c5_1080x1080.jpeg"
        },
        "webp": {
          "small": "https://p16.tiktokcdn.com/tos-maliva-avt-0068/255ba841bacb92052229fc3aeafde015~c5_100x100.webp",
          "medium": "https://p16.tiktokcdn.com/tos-maliva-avt-0068/255ba841bacb92052229fc3aeafde015~c5_300x300.webp",
          "big": "https://p16.tiktokcdn.com/tos-maliva-avt-0068/255ba841bacb92052229fc3aeafde015~c5_720x720.webp",
          "large": "https://p16.tiktokcdn.com/tos-maliva-avt-0068/255ba841bacb92052229fc3aeafde015~c5_1080x1080.webp"
        }
      },
      "stats": {
        "followers": 10100000,
        "likes": 439400000
      }
    },
    {
      "userId": "6668094621179428870",
      "secUserId": "MS4wLjABAAAAAXDpVG9r_t6uGRtQ4rqWCcvOXD6R78QYHUwsDRJ-9FgvqwX8bj5bUQcfO-usGMxJ",
      "id": "@onlyjayus",
      "name": "Isabella Avila",
      "bio": "22 🏳️‍🌈 LA \nSTEM Grad\nThey/Them/idc\nonlyjayusbiz@gmail.com",
      "verified": true,
      "avatar": {
        "jpeg": {
          "small": "https://p16.tiktokcdn.com/tos-maliva-avt-0068/544dbd4f9112d57a6f844fb9dfd2de0c~c5_100x100.jpeg",
          "medium": "https://p16.tiktokcdn.com/tos-maliva-avt-0068/544dbd4f9112d57a6f844fb9dfd2de0c~c5_300x300.jpeg",
          "big": "https://p16.tiktokcdn.com/tos-maliva-avt-0068/544dbd4f9112d57a6f844fb9dfd2de0c~c5_720x720.jpeg",
          "large": "https://p16.tiktokcdn.com/tos-maliva-avt-0068/544dbd4f9112d57a6f844fb9dfd2de0c~c5_1080x1080.jpeg"
        },
        "webp": {
          "small": "https://p16.tiktokcdn.com/tos-maliva-avt-0068/544dbd4f9112d57a6f844fb9dfd2de0c~c5_100x100.webp",
          "medium": "https://p16.tiktokcdn.com/tos-maliva-avt-0068/544dbd4f9112d57a6f844fb9dfd2de0c~c5_300x300.webp",
          "big": "https://p16.tiktokcdn.com/tos-maliva-avt-0068/544dbd4f9112d57a6f844fb9dfd2de0c~c5_720x720.webp",
          "large": "https://p16.tiktokcdn.com/tos-maliva-avt-0068/544dbd4f9112d57a6f844fb9dfd2de0c~c5_1080x1080.webp"
        }
      },
      "stats": {
        "followers": 14400000,
        "likes": 645800000
      }
    },
    {
      "userId": "79609045006872576",
      "secUserId": "MS4wLjABAAAAkhSlDFx4BF7OTGSNlbVhAzr-ZvKxbZYDfL_TbRBWoePusRzLqtOA3q6iHp3pd-9R",
      "id": "@avani",
      "name": "avani",
      "bio": "if you don’t love me i love you\nSKECHERS X AVANI GREGG 👇🏽",
      "verified": true,
      "avatar": {
        "jpeg": {
          "small": "https://p16.tiktokcdn.com/tos-maliva-avt-0068/2c88eff58222400358950896d49ee5ab~c5_100x100.jpeg",
          "medium": "https://p16.tiktokcdn.com/tos-maliva-avt-0068/2c88eff58222400358950896d49ee5ab~c5_300x300.jpeg",
          "big": "https://p16.tiktokcdn.com/tos-maliva-avt-0068/2c88eff58222400358950896d49ee5ab~c5_720x720.jpeg",
          "large": "https://p16.tiktokcdn.com/tos-maliva-avt-0068/2c88eff58222400358950896d49ee5ab~c5_1080x1080.jpeg"
        },
        "webp": {
          "small": "https://p16.tiktokcdn.com/tos-maliva-avt-0068/2c88eff58222400358950896d49ee5ab~c5_100x100.webp",
          "medium": "https://p16.tiktokcdn.com/tos-maliva-avt-0068/2c88eff58222400358950896d49ee5ab~c5_300x300.webp",
          "big": "https://p16.tiktokcdn.com/tos-maliva-avt-0068/2c88eff58222400358950896d49ee5ab~c5_720x720.webp",
          "large": "https://p16.tiktokcdn.com/tos-maliva-avt-0068/2c88eff58222400358950896d49ee5ab~c5_1080x1080.webp"
        }
      },
      "stats": {
        "followers": 35200000,
        "likes": 2500000000
      }
    },
    {
      "userId": "6625714545389142022",
      "secUserId": "MS4wLjABAAAAFcC3aBBWR4UJgsXyo5ztXlMTw4Kb8eeTToTAhjXgwlMUAy4t1tzOgRUBS2t7Y0pr",
      "id": "@overtime",
      "name": "Overtime",
      "bio": "Best page in the galaxy 💫\nThanks for being my friends 🤞\nNew ep of SUPERTEAM ⬇️",
      "verified": true,
      "avatar": {
        "jpeg": {
          "small": "https://p16.tiktokcdn.com/tos-maliva-avt-0068/5f67f75eb7315f5fc8096a8702cd21de~c5_100x100.jpeg",
          "medium": "https://p16.tiktokcdn.com/tos-maliva-avt-0068/5f67f75eb7315f5fc8096a8702cd21de~c5_300x300.jpeg",
          "big": "https://p16.tiktokcdn.com/tos-maliva-avt-0068/5f67f75eb7315f5fc8096a8702cd21de~c5_720x720.jpeg",
          "large": "https://p16.tiktokcdn.com/tos-maliva-avt-0068/5f67f75eb7315f5fc8096a8702cd21de~c5_1080x1080.jpeg"
        },
        "webp": {
          "small": "https://p16.tiktokcdn.com/tos-maliva-avt-0068/5f67f75eb7315f5fc8096a8702cd21de~c5_100x100.webp",
          "medium": "https://p16.tiktokcdn.com/tos-maliva-avt-0068/5f67f75eb7315f5fc8096a8702cd21de~c5_300x300.webp",
          "big": "https://p16.tiktokcdn.com/tos-maliva-avt-0068/5f67f75eb7315f5fc8096a8702cd21de~c5_720x720.webp",
          "large": "https://p16.tiktokcdn.com/tos-maliva-avt-0068/5f67f75eb7315f5fc8096a8702cd21de~c5_1080x1080.webp"
        }
      },
      "stats": {
        "followers": 17400000,
        "likes": 1200000000
      }
    },
    {
      "userId": "6765585846651094022",
      "secUserId": "MS4wLjABAAAARwji8GKq7wP4XFpE621Fk4C8ycNJ9cgOs3XHppsS7idvTzskACKOoL3ShYD0hmAr",
      "id": "@dermdoctor",
      "name": "Dr. Shah",
      "bio": "Doctor | Dermatology Res\nEducation, Not Influence\n⬇️retinol⬇️",
      "verified": true,
      "avatar": {
        "jpeg": {
          "small": "https://p16.tiktokcdn.com/musically-maliva-obj/1665687074071558~c5_100x100.jpeg",
          "medium": "https://p16.tiktokcdn.com/musically-maliva-obj/1665687074071558~c5_300x300.jpeg",
          "big": "https://p16.tiktokcdn.com/musically-maliva-obj/1665687074071558~c5_720x720.jpeg",
          "large": "https://p16.tiktokcdn.com/musically-maliva-obj/1665687074071558~c5_1080x1080.jpeg"
        },
        "webp": {
          "small": "https://p16.tiktokcdn.com/musically-maliva-obj/1665687074071558~c5_100x100.webp",
          "medium": "https://p16.tiktokcdn.com/musically-maliva-obj/1665687074071558~c5_300x300.webp",
          "big": "https://p16.tiktokcdn.com/musically-maliva-obj/1665687074071558~c5_720x720.webp",
          "large": "https://p16.tiktokcdn.com/musically-maliva-obj/1665687074071558~c5_1080x1080.webp"
        }
      },
      "stats": {
        "followers": 7800000,
        "likes": 154200000
      }
    },
    {
      "userId": "6544081646253342726",
      "secUserId": "MS4wLjABAAAA9pbVRTj-HguyV_kJdmz6lQCY8ec5YH6PJFTL833SclBNAqDKuvks0xd1GhGkYR58",
      "id": "@riwww",
      "name": "Ri",
      "bio": "Renata Ri 18",
      "verified": false,
      "avatar": {
        "jpeg": {
          "small": "https://p16.tiktokcdn.com/aweme/100x100/tos-alisg-avt-0068/90b789568d04e7229298d5bbffe6f0f1.jpeg",
          "medium": "https://p16.tiktokcdn.com/aweme/720x720/tos-alisg-avt-0068/90b789568d04e7229298d5bbffe6f0f1.jpeg",
          "big": "https://p16.tiktokcdn.com/aweme/720x720/tos-alisg-avt-0068/90b789568d04e7229298d5bbffe6f0f1.jpeg",
          "large": "https://p16.tiktokcdn.com/aweme/1080x1080/tos-alisg-avt-0068/90b789568d04e7229298d5bbffe6f0f1.jpeg"
        },
        "webp": {
          "small": "https://p16.tiktokcdn.com/aweme/100x100/tos-alisg-avt-0068/90b789568d04e7229298d5bbffe6f0f1.webp",
          "medium": "https://p16.tiktokcdn.com/aweme/720x720/tos-alisg-avt-0068/90b789568d04e7229298d5bbffe6f0f1.webp",
          "big": "https://p16.tiktokcdn.com/aweme/720x720/tos-alisg-avt-0068/90b789568d04e7229298d5bbffe6f0f1.webp",
          "large": "https://p16.tiktokcdn.com/aweme/1080x1080/tos-alisg-avt-0068/90b789568d04e7229298d5bbffe6f0f1.webp"
        }
      },
      "stats": {
        "followers": 9800000,
        "likes": 259100000
      }
    },
    {
      "userId": "6707397283459417094",
      "secUserId": "MS4wLjABAAAA4UjX04TzxyE2vEruFwE9TST_aKDsVH0iXauIrEL9_2H_4RT-cxqmymwH52ufrGcy",
      "id": "@joe.bartolozzi",
      "name": "Joe Bartolozzi",
      "bio": "19\nNJ\nInsta/Snap: joe.bartolozzi\nTwitch: Joe_Bartolozzi\nI’m not mad I’m joking❤️",
      "verified": true,
      "avatar": {
        "jpeg": {
          "small": "https://p16.tiktokcdn.com/musically-maliva-obj/1661292148680709~c5_100x100.jpeg",
          "medium": "https://p16.tiktokcdn.com/musically-maliva-obj/1661292148680709~c5_300x300.jpeg",
          "big": "https://p16.tiktokcdn.com/musically-maliva-obj/1661292148680709~c5_720x720.jpeg",
          "large": "https://p16.tiktokcdn.com/musically-maliva-obj/1661292148680709~c5_1080x1080.jpeg"
        },
        "webp": {
          "small": "https://p16.tiktokcdn.com/musically-maliva-obj/1661292148680709~c5_100x100.webp",
          "medium": "https://p16.tiktokcdn.com/musically-maliva-obj/1661292148680709~c5_300x300.webp",
          "big": "https://p16.tiktokcdn.com/musically-maliva-obj/1661292148680709~c5_720x720.webp",
          "large": "https://p16.tiktokcdn.com/musically-maliva-obj/1661292148680709~c5_1080x1080.webp"
        }
      },
      "stats": {
        "followers": 11200000,
        "likes": 651800000
      }
    },
    {
      "userId": "6807620910251115525",
      "secUserId": "MS4wLjABAAAAHIWJ2DrcEjH9tK4pJGy5KsUmNipBMeQJC2S5Pe88eT3kUo9w6lspBTtLRaWNOZW9",
      "id": "@moontellthat",
      "name": "MOONTELLTHAT",
      "bio": "🌙",
      "verified": false,
      "avatar": {
        "jpeg": {
          "small": "https://p16.tiktokcdn.com/musically-maliva-obj/1665353861919749~c5_100x100.jpeg",
          "medium": "https://p16.tiktokcdn.com/musically-maliva-obj/1665353861919749~c5_300x300.jpeg",
          "big": "https://p16.tiktokcdn.com/musically-maliva-obj/1665353861919749~c5_720x720.jpeg",
          "large": "https://p16.tiktokcdn.com/musically-maliva-obj/1665353861919749~c5_1080x1080.jpeg"
        },
        "webp": {
          "small": "https://p16.tiktokcdn.com/musically-maliva-obj/1665353861919749~c5_100x100.webp",
          "medium": "https://p16.tiktokcdn.com/musically-maliva-obj/1665353861919749~c5_300x300.webp",
          "big": "https://p16.tiktokcdn.com/musically-maliva-obj/1665353861919749~c5_720x720.webp",
          "large": "https://p16.tiktokcdn.com/musically-maliva-obj/1665353861919749~c5_1080x1080.webp"
        }
      },
      "stats": {
        "followers": 8000000,
        "likes": 186200000
      }
    },
    {
      "userId": "6678709915819262982",
      "secUserId": "MS4wLjABAAAAJolSnQJUZPx3H0JnIG23QedWScvgz6twB92PLJPct19UP20N8064T0URIqM9a0qG",
      "id": "@annaxsitar",
      "name": "anna x",
      "bio": "i’m so happy you’re here. \n📍los angeles\nCEO of ‘i don’t want it’ & starbies",
      "verified": true,
      "avatar": {
        "jpeg": {
          "small": "https://p16.tiktokcdn.com/tos-maliva-avt-0068/ee21cc15085b839466dd2e843b66d7c4~c5_100x100.jpeg",
          "medium": "https://p16.tiktokcdn.com/tos-maliva-avt-0068/ee21cc15085b839466dd2e843b66d7c4~c5_300x300.jpeg",
          "big": "https://p16.tiktokcdn.com/tos-maliva-avt-0068/ee21cc15085b839466dd2e843b66d7c4~c5_720x720.jpeg",
          "large": "https://p16.tiktokcdn.com/tos-maliva-avt-0068/ee21cc15085b839466dd2e843b66d7c4~c5_1080x1080.jpeg"
        },
        "webp": {
          "small": "https://p16.tiktokcdn.com/tos-maliva-avt-0068/ee21cc15085b839466dd2e843b66d7c4~c5_100x100.webp",
          "medium": "https://p16.tiktokcdn.com/tos-maliva-avt-0068/ee21cc15085b839466dd2e843b66d7c4~c5_300x300.webp",
          "big": "https://p16.tiktokcdn.com/tos-maliva-avt-0068/ee21cc15085b839466dd2e843b66d7c4~c5_720x720.webp",
          "large": "https://p16.tiktokcdn.com/tos-maliva-avt-0068/ee21cc15085b839466dd2e843b66d7c4~c5_1080x1080.webp"
        }
      },
      "stats": {
        "followers": 9900000,
        "likes": 849900000
      }
    },
    {
      "userId": "6732675975610074118",
      "secUserId": "MS4wLjABAAAAA2kM2Gtlz16uiw_OgD_xmL6sqfg42RMHLY7g-gzuP62dR1uVTmHdMpB-6-pyJEe7",
      "id": "@brookemonk_",
      "name": "Brooke Monk",
      "bio": "❤️Jesus forever❤️\n 18\nI’m not funny \nNew YouTube Video!\nMERCH",
      "verified": true,
      "avatar": {
        "jpeg": {
          "small": "https://p16.tiktokcdn.com/tos-maliva-avt-0068/81dd03ab48e571529193c93e79d59201~c5_100x100.jpeg",
          "medium": "https://p16.tiktokcdn.com/tos-maliva-avt-0068/81dd03ab48e571529193c93e79d59201~c5_300x300.jpeg",
          "big": "https://p16.tiktokcdn.com/tos-maliva-avt-0068/81dd03ab48e571529193c93e79d59201~c5_720x720.jpeg",
          "large": "https://p16.tiktokcdn.com/tos-maliva-avt-0068/81dd03ab48e571529193c93e79d59201~c5_1080x1080.jpeg"
        },
        "webp": {
          "small": "https://p16.tiktokcdn.com/tos-maliva-avt-0068/81dd03ab48e571529193c93e79d59201~c5_100x100.webp",
          "medium": "https://p16.tiktokcdn.com/tos-maliva-avt-0068/81dd03ab48e571529193c93e79d59201~c5_300x300.webp",
          "big": "https://p16.tiktokcdn.com/tos-maliva-avt-0068/81dd03ab48e571529193c93e79d59201~c5_720x720.webp",
          "large": "https://p16.tiktokcdn.com/tos-maliva-avt-0068/81dd03ab48e571529193c93e79d59201~c5_1080x1080.webp"
        }
      },
      "stats": {
        "followers": 16100000,
        "likes": 1200000000
      }
    },
    {
      "userId": "7239462",
      "secUserId": "MS4wLjABAAAAY5rcnL7T81JsGRfsyHBYZfpCHG1pP3sL9wGj3aR0GYs",
      "id": "@malutrevejo",
      "name": "Malu Trevejo",
      "bio": "18💜♎️ 🇨🇺 🇪🇸 \nI’m back :) 🦋",
      "verified": true,
      "avatar": {
        "jpeg": {
          "small": "https://p16.tiktokcdn.com/tos-maliva-avt-0068/5cfe0c2045df1c1cee0aec9a96cf0cce~c5_100x100.jpeg",
          "medium": "https://p16.tiktokcdn.com/tos-maliva-avt-0068/5cfe0c2045df1c1cee0aec9a96cf0cce~c5_300x300.jpeg",
          "big": "https://p16.tiktokcdn.com/tos-maliva-avt-0068/5cfe0c2045df1c1cee0aec9a96cf0cce~c5_720x720.jpeg",
          "large": "https://p16.tiktokcdn.com/tos-maliva-avt-0068/5cfe0c2045df1c1cee0aec9a96cf0cce~c5_1080x1080.jpeg"
        },
        "webp": {
          "small": "https://p16.tiktokcdn.com/tos-maliva-avt-0068/5cfe0c2045df1c1cee0aec9a96cf0cce~c5_100x100.webp",
          "medium": "https://p16.tiktokcdn.com/tos-maliva-avt-0068/5cfe0c2045df1c1cee0aec9a96cf0cce~c5_300x300.webp",
          "big": "https://p16.tiktokcdn.com/tos-maliva-avt-0068/5cfe0c2045df1c1cee0aec9a96cf0cce~c5_720x720.webp",
          "large": "https://p16.tiktokcdn.com/tos-maliva-avt-0068/5cfe0c2045df1c1cee0aec9a96cf0cce~c5_1080x1080.webp"
        }
      },
      "stats": {
        "followers": 19400000,
        "likes": 505800000
      }
    },
    {
      "userId": "6700734126046200838",
      "secUserId": "MS4wLjABAAAAVxmYdOl_eFeO33ncZdPWDlm_8D9q6-83E6nBPDyKuwGFo6IbysNalj_sgNVpRXR0",
      "id": "@bentellect",
      "name": "bentellect",
      "bio": "😂 The Facts Man 😂\n✨Daily Content✨\n⬇️ Merch & More ⬇️",
      "verified": false,
      "avatar": {
        "jpeg": {
          "small": "https://p16.tiktokcdn.com/tos-maliva-avt-0068/5ada9ed55454aa417ec2ef01e6327e59~c5_100x100.jpeg",
          "medium": "https://p16.tiktokcdn.com/tos-maliva-avt-0068/5ada9ed55454aa417ec2ef01e6327e59~c5_300x300.jpeg",
          "big": "https://p16.tiktokcdn.com/tos-maliva-avt-0068/5ada9ed55454aa417ec2ef01e6327e59~c5_720x720.jpeg",
          "large": "https://p16.tiktokcdn.com/tos-maliva-avt-0068/5ada9ed55454aa417ec2ef01e6327e59~c5_1080x1080.jpeg"
        },
        "webp": {
          "small": "https://p16.tiktokcdn.com/tos-maliva-avt-0068/5ada9ed55454aa417ec2ef01e6327e59~c5_100x100.webp",
          "medium": "https://p16.tiktokcdn.com/tos-maliva-avt-0068/5ada9ed55454aa417ec2ef01e6327e59~c5_300x300.webp",
          "big": "https://p16.tiktokcdn.com/tos-maliva-avt-0068/5ada9ed55454aa417ec2ef01e6327e59~c5_720x720.webp",
          "large": "https://p16.tiktokcdn.com/tos-maliva-avt-0068/5ada9ed55454aa417ec2ef01e6327e59~c5_1080x1080.webp"
        }
      },
      "stats": {
        "followers": 7200000,
        "likes": 551200000
      }
    },
    {
      "userId": "6587535917023182853",
      "secUserId": "MS4wLjABAAAA2sCfGnqRN1c0jn5CxmbkNDWyI39XImwnfb_IJQGE1i-cRUcgSJv_un0Cje3g39Mn",
      "id": "@daniel.labelle",
      "name": "Daniel LaBelle",
      "bio": "",
      "verified": true,
      "avatar": {
        "jpeg": {
          "small": "https://p16.tiktokcdn.com/tos-maliva-avt-0068/22119f863eae7e35852cdf7b41efe20a~c5_100x100.jpeg",
          "medium": "https://p16.tiktokcdn.com/tos-maliva-avt-0068/22119f863eae7e35852cdf7b41efe20a~c5_300x300.jpeg",
          "big": "https://p16.tiktokcdn.com/tos-maliva-avt-0068/22119f863eae7e35852cdf7b41efe20a~c5_720x720.jpeg",
          "large": "https://p16.tiktokcdn.com/tos-maliva-avt-0068/22119f863eae7e35852cdf7b41efe20a~c5_1080x1080.jpeg"
        },
        "webp": {
          "small": "https://p16.tiktokcdn.com/tos-maliva-avt-0068/22119f863eae7e35852cdf7b41efe20a~c5_100x100.webp",
          "medium": "https://p16.tiktokcdn.com/tos-maliva-avt-0068/22119f863eae7e35852cdf7b41efe20a~c5_300x300.webp",
          "big": "https://p16.tiktokcdn.com/tos-maliva-avt-0068/22119f863eae7e35852cdf7b41efe20a~c5_720x720.webp",
          "large": "https://p16.tiktokcdn.com/tos-maliva-avt-0068/22119f863eae7e35852cdf7b41efe20a~c5_1080x1080.webp"
        }
      },
      "stats": {
        "followers": 21200000,
        "likes": 451700000
      }
    }
  ],
  "hashtag": [
    {
      "challengeId": "18643194",
      "description": "Whether you're an expert or just passionate, show us those moments where your explanations are a bit too much.",
      "name": "#meexplaining",
      "avatar": "https://p16-amd-va.tiktokcdn.com/obj/musically-maliva-obj/6058afed93007e11e98b2c66a0ba5e0d",
      "stats": {
        "views": 65400000
      }
    },
    {
      "challengeId": "13251",
      "description": "What's your #OOTD?",
      "name": "#ootd",
      "avatar": "https://p16-amd-va.tiktokcdn.com/obj/musically-maliva-obj/a722d78ec35ee68f62011ca6fcde0f68",
      "stats": {
        "views": 23400000000
      }
    },
    {
      "challengeId": "17369859",
      "description": "Show us what happens when you’re on #XGamesMode, and tune into X Games, LIVE on @xgames and TikTok, July 14-17.",
      "name": "#xgamesmode",
      "avatar": "https://p16-amd-va.tiktokcdn.com/obj/musically-maliva-obj/e6fc79350fbffecf1e9a8b3f83f19976",
      "stats": {
        "views": 1900000000
      }
    },
    {
      "challengeId": "26625",
      "description": "Wow, we're so proud of you!",
      "name": "#imsoproudofyou",
      "avatar": "https://p16-amd-va.tiktokcdn.com/obj/musically-maliva-obj/5878f2cb029ee09c1125f966be91a8a4",
      "stats": {
        "views": 128100000
      }
    },
    {
      "challengeId": "1610142076272646",
      "description": "What are you cocinando?",
      "name": "#TikTokComida",
      "avatar": "https://p16-amd-va.tiktokcdn.com/obj/musically-maliva-obj/4c490284ddd7d0d19930ce7a9438d0ba",
      "stats": {
        "views": 803400000
      }
    },
    {
      "challengeId": "1605695366875141",
      "description": "*plays piano instrumental*",
      "name": "#herecomestheboy",
      "avatar": "https://p16-amd-va.tiktokcdn.com/obj/musically-maliva-obj/4e77bb5b29cca68b8a50cb267211ca61",
      "stats": {
        "views": 171100000
      }
    },
    {
      "challengeId": "14455239",
      "description": "Whether you're sharing tips or just starting your first shift, show us your #SummerInternship.",
      "name": "#summerinternship",
      "avatar": "https://p16-amd-va.tiktokcdn.com/obj/musically-maliva-obj/7f0852e72104b85a0631b2b56160d96d",
      "stats": {
        "views": 99900000
      }
    },
    {
      "challengeId": "1690173633533958",
      "description": "Show us those moments where #ThisOpportunity is standing right in front of you.",
      "name": "#thisopportunity",
      "avatar": "https://p16-amd-va.tiktokcdn.com/obj/musically-maliva-obj/8b2f386a4e4c4620998ce0391fd38a3a",
      "stats": {
        "views": 314100000
      }
    },
    {
      "challengeId": "271132",
      "description": "Whether you're going on a hike or heading to the beach, #GoOutside and show us how you're enjoying nature.",
      "name": "#gooutside",
      "avatar": "https://p16-amd-va.tiktokcdn.com/obj/musically-maliva-obj/105946572f1777d9cfd055f739215c11",
      "stats": {
        "views": 717400000
      }
    },
    {
      "challengeId": "30794",
      "description": "Where are you going #OnVacation?",
      "name": "#onvacation",
      "avatar": "https://p16-amd-va.tiktokcdn.com/obj/musically-maliva-obj/e5cba7e837480824804e1fcf567b69f7",
      "stats": {
        "views": 351500000
      }
    }
  ],
  "music": [
    {
      "musicId": "6808287098886424577",
      "avatar": {
        "jpeg": {
          "small": "https://p16.tiktokcdn.com/aweme/100x100/tos-alisg-i-0000/abb04f991047411f818c8971c9ab2f89.jpeg",
          "medium": "https://p16.tiktokcdn.com/aweme/720x720/tos-alisg-i-0000/abb04f991047411f818c8971c9ab2f89.jpeg",
          "big": "https://p16.tiktokcdn.com/aweme/720x720/tos-alisg-i-0000/abb04f991047411f818c8971c9ab2f89.jpeg",
          "large": "https://p16.tiktokcdn.com/aweme/1080x1080/tos-alisg-i-0000/abb04f991047411f818c8971c9ab2f89.jpeg"
        },
        "webp": {
          "small": "https://p16.tiktokcdn.com/aweme/100x100/tos-alisg-i-0000/abb04f991047411f818c8971c9ab2f89.webp",
          "medium": "https://p16.tiktokcdn.com/aweme/720x720/tos-alisg-i-0000/abb04f991047411f818c8971c9ab2f89.webp",
          "big": "https://p16.tiktokcdn.com/aweme/720x720/tos-alisg-i-0000/abb04f991047411f818c8971c9ab2f89.webp",
          "large": "https://p16.tiktokcdn.com/aweme/1080x1080/tos-alisg-i-0000/abb04f991047411f818c8971c9ab2f89.webp"
        }
      },
      "musicInfo": {
        "author": "BeatKing",
        "title": "Then Leave (feat. Queendom Come)",
        "playUrl": "https://sf16-ies-music-sg.tiktokcdn.com/obj/tiktok-obj/faac6d7869ea59561bfc2227d88110e6.mp3"
      },
      "stats": {
        "posts": 985800
      }
    },
    {
      "musicId": "6812545347835922434",
      "avatar": {
        "jpeg": {
          "small": "https://p16.tiktokcdn.com/aweme/100x100/tos-alisg-i-0000/8dafbb75373a44069c5da80c97f9e8fd.jpeg",
          "medium": "https://p16.tiktokcdn.com/aweme/720x720/tos-alisg-i-0000/8dafbb75373a44069c5da80c97f9e8fd.jpeg",
          "big": "https://p16.tiktokcdn.com/aweme/720x720/tos-alisg-i-0000/8dafbb75373a44069c5da80c97f9e8fd.jpeg",
          "large": "https://p16.tiktokcdn.com/aweme/1080x1080/tos-alisg-i-0000/8dafbb75373a44069c5da80c97f9e8fd.jpeg"
        },
        "webp": {
          "small": "https://p16.tiktokcdn.com/aweme/100x100/tos-alisg-i-0000/8dafbb75373a44069c5da80c97f9e8fd.webp",
          "medium": "https://p16.tiktokcdn.com/aweme/720x720/tos-alisg-i-0000/8dafbb75373a44069c5da80c97f9e8fd.webp",
          "big": "https://p16.tiktokcdn.com/aweme/720x720/tos-alisg-i-0000/8dafbb75373a44069c5da80c97f9e8fd.webp",
          "large": "https://p16.tiktokcdn.com/aweme/1080x1080/tos-alisg-i-0000/8dafbb75373a44069c5da80c97f9e8fd.webp"
        }
      },
      "musicInfo": {
        "author": "Kbfr",
        "title": "Hood Baby",
        "playUrl": "https://sf16-ies-music-sg.tiktokcdn.com/obj/tiktok-obj/14c23eca4f4671136c5c7a38a66f9e05.m4a"
      },
      "stats": {
        "posts": 3000000
      }
    },
    {
      "musicId": "6807966889273346822",
      "avatar": {
        "jpeg": {
          "small": "https://p16.tiktokcdn.com/aweme/100x100/tos-alisg-i-0000/1bc9ccdb71024095b7ef22a9271cf1e7.jpeg",
          "medium": "https://p16.tiktokcdn.com/aweme/720x720/tos-alisg-i-0000/1bc9ccdb71024095b7ef22a9271cf1e7.jpeg",
          "big": "https://p16.tiktokcdn.com/aweme/720x720/tos-alisg-i-0000/1bc9ccdb71024095b7ef22a9271cf1e7.jpeg",
          "large": "https://p16.tiktokcdn.com/aweme/1080x1080/tos-alisg-i-0000/1bc9ccdb71024095b7ef22a9271cf1e7.jpeg"
        },
        "webp": {
          "small": "https://p16.tiktokcdn.com/aweme/100x100/tos-alisg-i-0000/1bc9ccdb71024095b7ef22a9271cf1e7.webp",
          "medium": "https://p16.tiktokcdn.com/aweme/720x720/tos-alisg-i-0000/1bc9ccdb71024095b7ef22a9271cf1e7.webp",
          "big": "https://p16.tiktokcdn.com/aweme/720x720/tos-alisg-i-0000/1bc9ccdb71024095b7ef22a9271cf1e7.webp",
          "large": "https://p16.tiktokcdn.com/aweme/1080x1080/tos-alisg-i-0000/1bc9ccdb71024095b7ef22a9271cf1e7.webp"
        }
      },
      "musicInfo": {
        "author": "Ir Sais",
        "title": "Dream Girl",
        "playUrl": "https://sf16-ies-music-sg.tiktokcdn.com/obj/tiktok-obj/387d7b4519e3eb6af28a07160fa5f75f.mp3"
      },
      "stats": {
        "posts": 13000000
      }
    },
    {
      "musicId": "6813134956269947654",
      "avatar": {
        "jpeg": {
          "small": "https://p16.tiktokcdn.com/aweme/100x100/tos-alisg-i-0000/28de4c2ed0ee47f98dcc0a7ab1f2697e.jpeg",
          "medium": "https://p16.tiktokcdn.com/aweme/720x720/tos-alisg-i-0000/28de4c2ed0ee47f98dcc0a7ab1f2697e.jpeg",
          "big": "https://p16.tiktokcdn.com/aweme/720x720/tos-alisg-i-0000/28de4c2ed0ee47f98dcc0a7ab1f2697e.jpeg",
          "large": "https://p16.tiktokcdn.com/aweme/1080x1080/tos-alisg-i-0000/28de4c2ed0ee47f98dcc0a7ab1f2697e.jpeg"
        },
        "webp": {
          "small": "https://p16.tiktokcdn.com/aweme/100x100/tos-alisg-i-0000/28de4c2ed0ee47f98dcc0a7ab1f2697e.webp",
          "medium": "https://p16.tiktokcdn.com/aweme/720x720/tos-alisg-i-0000/28de4c2ed0ee47f98dcc0a7ab1f2697e.webp",
          "big": "https://p16.tiktokcdn.com/aweme/720x720/tos-alisg-i-0000/28de4c2ed0ee47f98dcc0a7ab1f2697e.webp",
          "large": "https://p16.tiktokcdn.com/aweme/1080x1080/tos-alisg-i-0000/28de4c2ed0ee47f98dcc0a7ab1f2697e.webp"
        }
      },
      "musicInfo": {
        "author": "Curtis Waters",
        "title": "Stunnin' (feat. Harm Franklin)",
        "playUrl": "https://sf16-ies-music-sg.tiktokcdn.com/obj/tiktok-obj/e5c710f2ab8f98c58b5465cf4afb84a9.mp3"
      },
      "stats": {
        "posts": 1100000
      }
    },
    {
      "musicId": "6827517892439968517",
      "avatar": {
        "jpeg": {
          "small": "https://p16.tiktokcdn.com/aweme/100x100/tos-alisg-i-0000/e348165cfce040039fe9ee63fb2e7ae0.jpeg",
          "medium": "https://p16.tiktokcdn.com/aweme/720x720/tos-alisg-i-0000/e348165cfce040039fe9ee63fb2e7ae0.jpeg",
          "big": "https://p16.tiktokcdn.com/aweme/720x720/tos-alisg-i-0000/e348165cfce040039fe9ee63fb2e7ae0.jpeg",
          "large": "https://p16.tiktokcdn.com/aweme/1080x1080/tos-alisg-i-0000/e348165cfce040039fe9ee63fb2e7ae0.jpeg"
        },
        "webp": {
          "small": "https://p16.tiktokcdn.com/aweme/100x100/tos-alisg-i-0000/e348165cfce040039fe9ee63fb2e7ae0.webp",
          "medium": "https://p16.tiktokcdn.com/aweme/720x720/tos-alisg-i-0000/e348165cfce040039fe9ee63fb2e7ae0.webp",
          "big": "https://p16.tiktokcdn.com/aweme/720x720/tos-alisg-i-0000/e348165cfce040039fe9ee63fb2e7ae0.webp",
          "large": "https://p16.tiktokcdn.com/aweme/1080x1080/tos-alisg-i-0000/e348165cfce040039fe9ee63fb2e7ae0.webp"
        }
      },
      "musicInfo": {
        "author": "Chloe x Halle",
        "title": "Do It",
        "playUrl": "https://sf16-ies-music-sg.tiktokcdn.com/obj/tiktok-obj/22edbf1cc1a90a50152172c36f729e8f.mp3"
      },
      "stats": {
        "posts": 480500
      }
    },
    {
      "musicId": "6834110584288447237",
      "avatar": {
        "jpeg": {
          "small": "https://p16.tiktokcdn.com/aweme/100x100/tos-alisg-i-0000/7503f7a92b0049d48a80fdffbea51f40.jpeg",
          "medium": "https://p16.tiktokcdn.com/aweme/720x720/tos-alisg-i-0000/7503f7a92b0049d48a80fdffbea51f40.jpeg",
          "big": "https://p16.tiktokcdn.com/aweme/720x720/tos-alisg-i-0000/7503f7a92b0049d48a80fdffbea51f40.jpeg",
          "large": "https://p16.tiktokcdn.com/aweme/1080x1080/tos-alisg-i-0000/7503f7a92b0049d48a80fdffbea51f40.jpeg"
        },
        "webp": {
          "small": "https://p16.tiktokcdn.com/aweme/100x100/tos-alisg-i-0000/7503f7a92b0049d48a80fdffbea51f40.webp",
          "medium": "https://p16.tiktokcdn.com/aweme/720x720/tos-alisg-i-0000/7503f7a92b0049d48a80fdffbea51f40.webp",
          "big": "https://p16.tiktokcdn.com/aweme/720x720/tos-alisg-i-0000/7503f7a92b0049d48a80fdffbea51f40.webp",
          "large": "https://p16.tiktokcdn.com/aweme/1080x1080/tos-alisg-i-0000/7503f7a92b0049d48a80fdffbea51f40.webp"
        }
      },
      "musicInfo": {
        "author": "Jawsh 685 & Jason Derulo",
        "title": "Savage Love (Laxed - Siren Beat)",
        "playUrl": "https://sf16-ies-music-sg.tiktokcdn.com/obj/tiktok-obj/55660f79de9e40bc8356df5d9ece9b2d.mp3"
      },
      "stats": {
        "posts": 745800
      }
    },
    {
      "musicId": "6754420279457565445",
      "avatar": {
        "jpeg": {
          "small": "https://p16.tiktokcdn.com/aweme/100x100/tos-alisg-i-0000/a8daea644fa540ff8a8c3025834f8c31.jpeg",
          "medium": "https://p16.tiktokcdn.com/aweme/720x720/tos-alisg-i-0000/a8daea644fa540ff8a8c3025834f8c31.jpeg",
          "big": "https://p16.tiktokcdn.com/aweme/720x720/tos-alisg-i-0000/a8daea644fa540ff8a8c3025834f8c31.jpeg",
          "large": "https://p16.tiktokcdn.com/aweme/1080x1080/tos-alisg-i-0000/a8daea644fa540ff8a8c3025834f8c31.jpeg"
        },
        "webp": {
          "small": "https://p16.tiktokcdn.com/aweme/100x100/tos-alisg-i-0000/a8daea644fa540ff8a8c3025834f8c31.webp",
          "medium": "https://p16.tiktokcdn.com/aweme/720x720/tos-alisg-i-0000/a8daea644fa540ff8a8c3025834f8c31.webp",
          "big": "https://p16.tiktokcdn.com/aweme/720x720/tos-alisg-i-0000/a8daea644fa540ff8a8c3025834f8c31.webp",
          "large": "https://p16.tiktokcdn.com/aweme/1080x1080/tos-alisg-i-0000/a8daea644fa540ff8a8c3025834f8c31.webp"
        }
      },
      "musicInfo": {
        "author": "Electric Light Orchestra",
        "title": "Mr. Blue Sky",
        "playUrl": "https://sf16-ies-music-sg.tiktokcdn.com/obj/tiktok-obj/72bc6715e0b6726f3806f1bce1b0630f.mp3"
      },
      "stats": {
        "posts": 562700
      }
    },
    {
      "musicId": "6746993352891189249",
      "avatar": {
        "jpeg": {
          "small": "https://p16.tiktokcdn.com/aweme/100x100/tos-alisg-i-0000/35eb9d866b2c47d4811132f3c3fa904c.jpeg",
          "medium": "https://p16.tiktokcdn.com/aweme/720x720/tos-alisg-i-0000/35eb9d866b2c47d4811132f3c3fa904c.jpeg",
          "big": "https://p16.tiktokcdn.com/aweme/720x720/tos-alisg-i-0000/35eb9d866b2c47d4811132f3c3fa904c.jpeg",
          "large": "https://p16.tiktokcdn.com/aweme/1080x1080/tos-alisg-i-0000/35eb9d866b2c47d4811132f3c3fa904c.jpeg"
        },
        "webp": {
          "small": "https://p16.tiktokcdn.com/aweme/100x100/tos-alisg-i-0000/35eb9d866b2c47d4811132f3c3fa904c.webp",
          "medium": "https://p16.tiktokcdn.com/aweme/720x720/tos-alisg-i-0000/35eb9d866b2c47d4811132f3c3fa904c.webp",
          "big": "https://p16.tiktokcdn.com/aweme/720x720/tos-alisg-i-0000/35eb9d866b2c47d4811132f3c3fa904c.webp",
          "large": "https://p16.tiktokcdn.com/aweme/1080x1080/tos-alisg-i-0000/35eb9d866b2c47d4811132f3c3fa904c.webp"
        }
      },
      "musicInfo": {
        "author": "Kevin MacLeod",
        "title": "Monkeys Spinning Monkeys",
        "playUrl": "https://sf16-ies-music-sg.tiktokcdn.com/obj/tiktok-obj/47e9f8cdb18ebb8def4f611c4ba1c493.m4a"
      },
      "stats": {
        "posts": 12200000
      }
    },
    {
      "musicId": "6691366574592396038",
      "avatar": {
        "jpeg": {
          "small": "https://p16.tiktokcdn.com/aweme/100x100/tos-alisg-v-2102/66136bd201e44750a35867f8e4727c4d.jpeg",
          "medium": "https://p16.tiktokcdn.com/aweme/720x720/tos-alisg-v-2102/66136bd201e44750a35867f8e4727c4d.jpeg",
          "big": "https://p16.tiktokcdn.com/aweme/720x720/tos-alisg-v-2102/66136bd201e44750a35867f8e4727c4d.jpeg",
          "large": "https://p16.tiktokcdn.com/aweme/1080x1080/tos-alisg-v-2102/66136bd201e44750a35867f8e4727c4d.jpeg"
        },
        "webp": {
          "small": "https://p16.tiktokcdn.com/aweme/100x100/tos-alisg-v-2102/66136bd201e44750a35867f8e4727c4d.webp",
          "medium": "https://p16.tiktokcdn.com/aweme/720x720/tos-alisg-v-2102/66136bd201e44750a35867f8e4727c4d.webp",
          "big": "https://p16.tiktokcdn.com/aweme/720x720/tos-alisg-v-2102/66136bd201e44750a35867f8e4727c4d.webp",
          "large": "https://p16.tiktokcdn.com/aweme/1080x1080/tos-alisg-v-2102/66136bd201e44750a35867f8e4727c4d.webp"
        }
      },
      "musicInfo": {
        "author": "KRYPTO9095",
        "title": "Woah (feat. D3Mstreet)",
        "playUrl": "https://sf16-ies-music-sg.tiktokcdn.com/obj/tiktok-obj/1daadedc15bd3aa203a4620bac0e1f94.mp3"
      },
      "stats": {
        "posts": 12500000
      }
    }
  ]
}